pno,pname,psex,pbrth,pdriverl,pbelt,pdriking,pcasualty,trfacd_type,trfacd_date,trfacd_speed,trfacd_mngno
1,황민서,여,1982-08-11,y,n,n,사망,과속,2022-06-02,117,2022F79
2,김하은,남,2001-02-13,y,y,n,사망,과속,2022-04-19,127,2022D49
3,정수정,남,1968-04-08,y,y,n,부상,신호위반,2022-11-23,90,2022K94
4,박서현,남,1994-08-12,y,y,n,부상,과속,2022-02-16,83,2022B38
5,조서현,여,1968-12-05,y,y,y,부상,음주운전,2022-01-22,96,2022A45
6,조윤서,여,1972-08-21,y,y,n,부상,신호위반,2022-01-16,113,2022A42
7,노지호,여,1978-12-25,y,y,n,사망,과속,2022-02-22,127,2022B48
8,유주원,남,1981-11-16,y,y,n,부상,과속,2022-03-19,84,2022C23
9,정주원,여,1992-11-20,y,n,n,사망,과속,2022-11-21,123,2022K6
10,한수정,남,1993-11-22,y,y,n,부상,신호위반,2022-10-17,114,2022J91
11,최서준,여,1965-02-17,y,n,n,사망,과속,2022-09-22,123,2022I99
12,장민서,남,1974-05-15,y,y,y,부상,음주운전,2022-12-16,84,2022L21
13,이민준,여,1972-04-20,y,n,y,부상,음주운전,2022-03-08,107,2022C49
14,정주호,남,1999-07-16,y,y,n,부상,신호위반,2022-02-28,109,2022B10
15,정채은,여,1962-08-21,y,y,n,부상,중앙선 침범,2022-02-03,108,2022B58
16,유서윤,여,2000-07-22,y,y,n,부상,중앙선 침범,2022-02-28,107,2022B21
17,조예준,여,1977-07-12,y,y,n,부상,신호위반,2022-06-30,111,2022F41
18,유지민,남,1969-06-15,y,y,y,부상,음주운전,2022-08-14,83,2022H15
19,한채원,여,1997-05-19,y,y,y,부상,음주운전,2022-01-08,84,2022A3
20,장하은,여,1976-12-21,y,y,n,부상,중앙선 침범,2022-04-20,81,2022D55
21,최윤서,여,1990-08-18,y,y,y,부상,음주운전,2022-02-09,83,2022B63
22,이예준,여,1998-09-30,y,y,y,부상,음주운전,2022-09-13,102,2022I77
23,장지우,남,1999-11-07,y,y,y,부상,음주운전,2022-05-26,98,2022Z33
24,한지후,여,1989-11-11,y,y,n,부상,중앙선 침범,2022-09-04,119,2022I89
25,정민서,여,1972-10-10,y,y,n,사망,과속,2022-08-24,124,2022H53
26,한지민,여,2002-04-28,y,y,n,부상,과속,2022-05-30,82,2022Z17
27,황선우,여,1979-02-27,y,y,n,부상,과속,2022-04-25,101,2022D30
28,정주호,여,1995-04-29,y,y,n,사망,과속,2022-08-04,124,2022H58
29,정예준,여,1989-03-08,y,y,n,부상,과속,2022-12-12,119,2022L83
30,최민준,여,1970-01-29,y,y,n,부상,중앙선 침범,2022-09-09,98,2022I92
31,장선우,여,1981-01-16,y,y,y,부상,음주운전,2022-04-16,84,2022D69
32,조준서,여,1981-07-15,y,y,y,부상,음주운전,2022-01-31,104,2022A51
33,육준서,여,1972-02-02,y,y,n,부상,중앙선 침범,2022-08-24,92,2022H42
34,성선우,여,1969-12-12,y,y,n,사망,과속,2022-05-30,119,2022Z17
35,박민준,여,1974-04-08,y,y,n,사망,중앙선 침범,2022-03-18,96,2022C80
36,장지안,남,1979-01-11,y,y,y,사망,음주운전,2022-08-11,119,2022H7
37,김지우,여,1981-12-20,y,y,y,부상,음주운전,2022-07-21,99,2022G99
38,장지우,남,1986-07-28,y,y,y,부상,음주운전,2022-11-25,94,2022K11
39,정선우,남,1963-02-05,y,y,n,부상,중앙선 침범,2022-12-31,112,2022L47
40,노민준,남,1972-10-09,y,y,y,부상,음주운전,2022-09-30,98,2022I31
41,장채은,여,2002-10-16,y,n,n,사망,과속,2022-10-28,121,2022J53
42,장예준,여,1982-04-10,y,y,n,사망,과속,2022-09-12,121,2022I26
43,최서준,남,1963-03-07,y,y,y,부상,음주운전,2022-06-14,84,2022F28
44,성하윤,여,1974-04-11,y,y,n,사망,과속,2022-07-12,126,2022G45
45,육준우,여,1971-11-02,y,n,n,부상,중앙선 침범,2022-01-21,100,2022A91
46,김시우,여,2002-07-13,y,y,n,부상,중앙선 침범,2022-10-16,98,2022J92
47,조연우,남,1993-12-23,y,y,n,부상,신호위반,2022-07-19,84,2022G47
48,정민준,남,1981-08-03,y,y,n,사망,과속,2022-10-19,128,2022J26
49,정하준,여,1999-04-13,y,n,n,부상,과속,2022-02-08,104,2022B95
50,박지유,여,2000-10-01,y,y,n,부상,과속,2022-03-14,107,2022C12
51,한도윤,남,1998-07-19,y,y,n,부상,중앙선 침범,2022-07-29,107,2022G43
52,정서현,남,1997-03-28,y,y,y,부상,음주운전,2022-09-02,106,2022I74
53,성도윤,남,1986-03-11,y,y,n,사망,과속,2022-04-23,123,2022D10
54,김연우,여,1989-01-31,y,y,y,부상,음주운전,2022-01-18,89,2022A72
55,박지원,남,1990-05-25,y,y,y,부상,음주운전,2022-02-18,95,2022B67
56,한예준,여,1992-06-24,y,y,n,사망,과속,2022-07-12,120,2022G20
57,황하준,여,1982-08-09,y,y,n,부상,과속,2022-01-25,83,2022A60
58,한지우,남,1988-10-13,y,y,n,부상,과속,2022-01-30,91,2022A41
59,박연우,여,1985-05-21,y,y,n,부상,중앙선 침범,2022-10-18,96,2022J37
60,김준우,남,1964-08-18,y,y,n,부상,과속,2022-06-04,95,2022F49
61,성민서,남,2000-02-23,y,y,n,부상,과속,2022-11-06,92,2022K82
62,김서연,여,1986-11-24,y,y,n,부상,중앙선 침범,2022-01-11,94,2022A89
63,곽예준,여,1968-04-21,y,y,n,사망,신호위반,2022-06-13,103,2022F20
64,곽하은,남,1991-07-10,y,y,y,부상,음주운전,2022-05-12,80,2022Z86
65,황수정,여,1997-11-26,y,y,n,부상,중앙선 침범,2022-12-30,117,2022L56
66,한채은,남,1968-03-19,y,y,y,부상,음주운전,2022-06-26,84,2022F56
67,장지후,여,1981-02-23,y,y,y,부상,음주운전,2022-12-04,110,2022L91
68,육도윤,남,1996-11-30,y,y,n,부상,신호위반,2022-03-21,80,2022C69
69,최주호,남,1967-05-24,y,n,n,부상,신호위반,2022-08-22,90,2022H37
70,유지우,남,1981-02-11,y,y,n,부상,과속,2022-04-23,118,2022D1
71,유서연,여,1961-05-01,y,y,n,부상,과속,2022-04-19,97,2022D67
72,조민준,남,1994-02-02,y,y,n,부상,신호위반,2022-10-19,80,2022J74
73,노도윤,여,1992-11-28,y,y,y,부상,음주운전,2022-08-13,118,2022H99
74,한채원,여,1994-06-18,y,y,y,부상,음주운전,2022-09-30,117,2022I3
75,최지후,남,1973-12-03,y,y,y,부상,음주운전,2022-10-23,80,2022J15
76,노윤서,남,1985-05-14,y,y,y,부상,음주운전,2022-09-16,98,2022I66
77,유하은,여,1987-03-09,y,y,n,부상,중앙선 침범,2022-11-24,112,2022K77
78,조서현,여,1968-12-05,y,y,y,부상,음주운전,2022-07-08,92,2022G70
79,김민준,남,1980-11-01,y,y,n,사망,과속,2022-01-02,125,2022A30
80,장민서,남,1979-01-03,y,n,n,사망,과속,2022-09-18,120,2022I19
81,곽시우,여,1987-07-31,y,y,y,부상,음주운전,2022-02-15,117,2022B66
82,육윤서,남,1964-11-15,y,y,n,사망,과속,2022-01-22,121,2022A68
83,최주호,남,1968-05-15,y,y,y,부상,음주운전,2022-02-18,118,2022B35
84,최시우,여,1971-07-21,y,y,n,부상,과속,2022-01-30,93,2022A97
85,박하준,남,1991-12-17,y,y,n,사망,과속,2022-07-15,129,2022G54
86,성채원,여,1966-06-17,y,y,n,부상,중앙선 침범,2022-06-27,86,2022F77
87,육민준,남,1963-01-12,y,n,n,사망,신호위반,2022-07-17,106,2022G19
88,한도윤,여,1962-07-15,y,n,n,사망,과속,2022-04-30,103,2022D32
89,최지안,여,1978-01-25,y,y,n,부상,중앙선 침범,2022-04-12,103,2022D63
90,김선우,여,1983-10-15,y,y,n,부상,신호위반,2022-10-24,117,2022J17
91,곽지안,남,1992-04-12,y,y,n,부상,신호위반,2022-03-18,85,2022C14
92,곽하준,남,1975-03-25,y,y,n,부상,과속,2022-05-27,87,2022Z51
93,조예준,여,1962-06-24,y,n,n,사망,과속,2022-12-19,121,2022L40
94,조수정,여,1991-11-18,y,y,y,사망,과속,2022-07-20,125,2022G16
95,황지안,남,1970-01-30,y,y,n,부상,과속,2022-12-14,115,2022L87
96,장시우,남,1973-06-23,y,y,n,부상,과속,2022-01-16,84,2022A64
97,곽지호,여,1970-09-03,y,y,n,부상,신호위반,2022-08-26,89,2022H54
98,황예준,남,1983-08-29,y,n,n,부상,신호위반,2022-12-07,109,2022L99
99,조도윤,남,1989-12-02,y,y,y,부상,음주운전,2022-11-11,114,2022K29
100,노민서,남,1974-02-28,y,y,n,부상,중앙선 침범,2022-05-29,110,2022Z58
101,유지후,여,1985-08-09,y,y,n,부상,신호위반,2022-11-28,114,2022K76
102,최선우,남,1975-12-14,y,y,y,부상,음주운전,2022-12-21,119,2022L81
103,곽수정,남,1982-04-08,y,n,n,사망,과속,2022-02-25,129,2022B50
104,성지민,여,1976-02-13,y,y,n,부상,신호위반,2022-07-22,88,2022G63
105,장지호,여,1983-06-28,y,y,n,부상,신호위반,2022-02-23,110,2022B84
106,노채원,여,1986-02-13,y,y,n,부상,신호위반,2022-03-05,100,2022C9
107,김채원,여,1990-03-14,y,y,y,부상,음주운전,2022-01-21,90,2022A90
108,유민서,남,1998-08-24,y,y,n,부상,신호위반,2022-03-21,90,2022C6
109,김수정,남,1971-08-01,y,y,n,부상,신호위반,2022-10-18,115,2022J46
110,장채은,남,1973-12-13,y,y,n,사망,과속,2022-03-15,126,2022C72
111,김하윤,여,1977-10-29,y,y,n,부상,신호위반,2022-01-14,99,2022A10
112,노채은,남,1980-03-12,y,y,n,부상,중앙선 침범,2022-08-16,98,2022H89
113,성서준,남,1971-04-03,y,y,n,사망,과속,2022-04-11,126,2022D86
114,정준우,여,1966-02-01,y,n,y,사망,음주운전,2022-09-15,102,2022I37
115,곽지우,남,1971-01-03,y,y,y,부상,음주운전,2022-07-25,83,2022G89
116,조서연,남,1966-03-09,y,y,n,부상,중앙선 침범,2022-05-18,104,2022Z92
117,조서연,여,1986-06-11,y,n,y,부상,음주운전,2022-10-05,110,2022J16
118,김민준,여,1964-09-11,y,y,n,부상,중앙선 침범,2022-07-20,94,2022G10
119,육하준,남,1997-11-03,y,y,n,부상,중앙선 침범,2022-02-04,83,2022B69
120,장지우,남,1970-10-08,y,n,n,사망,과속,2022-03-26,128,2022C20
121,정윤서,남,1963-07-16,y,y,y,부상,음주운전,2022-09-11,84,2022I67
122,박채원,남,1982-05-18,y,y,n,부상,신호위반,2022-11-06,110,2022K70
123,정예준,여,1980-08-23,y,n,n,사망,과속,2022-10-28,123,2022J68
124,한지민,남,1982-05-30,y,n,n,사망,신호위반,2022-11-06,126,2022K70
125,육예준,남,1981-08-21,y,y,y,부상,음주운전,2022-04-21,82,2022D25
126,박시우,남,1976-08-02,y,y,n,사망,과속,2022-06-01,127,2022F46
127,육지우,남,1970-07-17,y,n,y,사망,음주운전,2022-11-01,104,2022K85
128,이서연,여,1986-04-20,y,y,y,부상,음주운전,2022-01-11,82,2022A31
129,황지후,여,1994-11-21,y,y,n,사망,과속,2022-04-19,123,2022D18
130,김수정,여,1989-08-13,y,y,n,부상,신호위반,2022-04-16,93,2022D76
131,박민준,남,1993-11-23,y,y,y,부상,음주운전,2022-09-25,107,2022I28
132,박윤서,여,1998-06-14,y,y,y,부상,음주운전,2022-10-01,90,2022J54
133,한주호,남,1965-09-04,y,y,n,부상,과속,2022-04-25,80,2022D3
134,유채은,남,1972-12-06,y,n,n,부상,과속,2022-12-27,116,2022L1
135,장도윤,남,1964-08-07,y,y,n,부상,신호위반,2022-06-23,83,2022F70
136,곽서준,남,1967-11-27,y,y,y,부상,음주운전,2022-07-22,93,2022G23
137,황지호,여,1961-12-18,y,y,n,부상,과속,2022-10-22,97,2022J79
138,최하준,남,1998-08-12,y,y,n,부상,과속,2022-05-17,96,2022Z10
139,김선우,여,1981-01-11,y,y,n,사망,과속,2022-06-18,122,2022F69
140,황준우,여,1972-12-19,y,y,y,부상,음주운전,2022-02-15,107,2022B71
141,정서준,여,2000-11-27,y,y,y,부상,음주운전,2022-06-26,94,2022F42
142,성준서,여,1997-05-04,y,n,n,사망,과속,2022-11-07,125,2022K62
143,한도윤,남,1992-08-26,y,y,n,부상,중앙선 침범,2022-04-10,116,2022D81
144,김하윤,남,1994-10-10,y,y,n,부상,과속,2022-01-21,103,2022A52
145,이준서,남,1998-02-26,y,y,n,부상,중앙선 침범,2022-08-24,91,2022H4
146,황시우,남,2001-07-04,y,y,y,사망,음주운전,2022-05-26,115,2022Z34
147,최지우,여,1974-01-13,y,y,n,부상,신호위반,2022-07-07,113,2022G85
148,곽지안,남,1968-02-01,y,y,n,부상,중앙선 침범,2022-12-31,112,2022L4
149,김주원,남,1967-05-04,y,y,y,부상,음주운전,2022-11-04,93,2022K16
150,노지유,여,1994-01-26,y,y,y,부상,음주운전,2022-06-10,110,2022F86
151,곽지민,남,1966-10-17,y,y,n,부상,중앙선 침범,2022-07-13,109,2022G80
152,유시우,여,1989-03-09,y,y,n,사망,과속,2022-09-22,128,2022I45
153,성지민,남,1996-04-11,y,y,n,사망,과속,2022-02-09,129,2022B60
154,박도윤,여,1972-06-21,y,y,n,부상,과속,2022-03-10,82,2022C46
155,이서진,여,2001-05-30,y,y,n,사망,과속,2022-03-10,122,2022C46
156,유지후,남,1980-10-30,y,y,n,부상,과속,2022-02-22,84,2022B32
157,장채은,남,1967-02-10,y,y,n,부상,과속,2022-05-05,88,2022Z68
158,조도윤,여,1967-12-29,y,y,n,부상,중앙선 침범,2022-07-16,102,2022G92
159,최지안,여,2001-08-27,y,y,n,부상,과속,2022-02-26,93,2022B81
160,노도윤,남,1986-02-16,y,y,y,부상,음주운전,2022-04-23,98,2022D74
161,박수정,남,1962-05-24,y,y,n,부상,과속,2022-12-06,103,2022L27
162,박지안,남,1962-01-22,y,y,n,부상,중앙선 침범,2022-02-13,99,2022B14
163,장서준,남,2002-12-23,y,y,n,부상,신호위반,2022-02-23,84,2022B20
164,유지안,여,1983-03-19,y,n,n,사망,과속,2022-07-07,125,2022G62
165,황서연,남,1972-12-06,y,y,n,부상,과속,2022-07-13,101,2022G15
166,육지원,남,1981-04-06,y,y,n,부상,중앙선 침범,2022-12-15,81,2022L67
167,노지호,여,1967-10-30,y,y,y,부상,음주운전,2022-03-21,87,2022C3
168,노지우,남,1966-11-18,y,y,n,부상,과속,2022-03-13,93,2022C44
169,박예준,여,1961-04-03,y,y,y,부상,음주운전,2022-03-20,100,2022C93
170,정민서,남,1966-08-29,y,y,n,부상,과속,2022-04-12,89,2022D27
171,장서준,남,1980-04-28,y,y,y,부상,음주운전,2022-11-30,117,2022K27
172,장주호,남,1996-02-29,y,y,n,부상,신호위반,2022-11-28,96,2022K73
173,유하은,남,1971-01-24,y,y,n,사망,과속,2022-04-30,129,2022D58
174,최서연,여,1997-12-18,y,n,n,사망,과속,2022-01-11,116,2022A88
175,조하윤,여,1980-10-29,y,y,n,사망,과속,2022-09-24,129,2022I49
176,육준우,여,1998-11-29,y,y,n,사망,과속,2022-08-16,126,2022H92
177,곽채은,남,1973-11-16,y,n,n,사망,과속,2022-11-01,120,2022K48
178,김연우,남,1992-03-05,y,y,n,부상,신호위반,2022-08-23,87,2022H70
179,노지호,여,1962-02-22,y,y,n,사망,과속,2022-03-26,101,2022C20
180,육도윤,여,1971-03-10,y,y,n,사망,과속,2022-02-09,126,2022B60
181,이선우,여,1969-11-04,y,y,n,부상,중앙선 침범,2022-09-18,115,2022I82
182,성서연,여,1990-04-28,y,y,n,사망,과속,2022-12-12,120,2022L8
183,박하은,남,1982-12-08,y,y,y,사망,음주운전,2022-03-08,127,2022C4
184,최민서,여,1997-06-10,y,y,y,부상,음주운전,2022-09-26,93,2022I44
185,유지민,여,1969-03-21,y,n,n,사망,신호위반,2022-06-14,108,2022F65
186,장예준,여,1976-02-16,y,y,y,사망,음주운전,2022-01-18,119,2022A72
187,노시우,남,1975-12-06,y,y,y,부상,음주운전,2022-09-16,104,2022I66
188,정준우,여,1984-01-17,y,n,n,사망,과속,2022-12-29,129,2022L80
189,성지우,여,1984-02-08,y,y,n,부상,과속,2022-08-23,107,2022H68
190,황준우,여,1988-09-05,y,y,y,부상,음주운전,2022-11-15,96,2022K3
191,조서윤,남,1996-08-24,y,y,n,부상,신호위반,2022-02-25,93,2022B11
192,육주원,남,1969-11-13,y,n,n,부상,과속,2022-05-29,98,2022Z21
193,유수정,여,1993-10-14,y,n,n,부상,중앙선 침범,2022-11-23,83,2022K46
194,유주원,여,1969-03-14,y,y,n,부상,신호위반,2022-01-16,119,2022A42
195,노지안,여,1961-01-25,y,y,y,부상,음주운전,2022-06-30,82,2022F57
196,정서윤,여,1966-04-07,y,y,n,부상,과속,2022-07-08,87,2022G26
197,박윤서,남,1997-03-06,y,y,n,사망,과속,2022-11-09,127,2022K14
198,장주원,여,1968-01-25,y,y,n,부상,중앙선 침범,2022-08-20,84,2022H51
199,정주원,여,1999-10-31,y,y,n,부상,과속,2022-06-01,96,2022F58
200,한주호,여,1969-12-26,y,y,n,부상,과속,2022-07-04,104,2022G38
201,노준우,여,1984-04-01,y,y,y,부상,음주운전,2022-12-21,88,2022L81
202,노도윤,남,1980-01-05,y,y,y,부상,음주운전,2022-04-01,106,2022D92
203,노지후,여,1965-01-12,y,y,n,사망,과속,2022-12-20,122,2022L46
204,한서준,여,1979-05-04,y,y,n,사망,과속,2022-07-25,124,2022G29
205,성윤서,여,1969-09-21,y,n,n,사망,중앙선 침범,2022-03-25,113,2022C71
206,박도윤,여,1975-04-27,y,y,y,사망,음주운전,2022-06-27,110,2022F51
207,황주호,여,2001-06-05,y,y,n,사망,과속,2022-01-21,120,2022A47
208,유주원,남,1975-05-20,y,y,n,부상,과속,2022-02-25,89,2022B50
209,김민준,여,1992-01-13,y,y,y,부상,음주운전,2022-10-08,106,2022J29
210,한하준,남,1998-07-18,y,y,y,부상,음주운전,2022-09-30,99,2022I10
211,성채원,여,1992-03-06,y,y,n,부상,신호위반,2022-11-10,117,2022K60
212,곽채은,남,1978-04-25,y,y,n,부상,신호위반,2022-10-04,95,2022J81
213,김지우,남,1966-04-04,y,y,y,부상,음주운전,2022-05-24,87,2022Z82
214,황하윤,여,1967-05-02,y,y,y,부상,음주운전,2022-07-28,81,2022G51
215,한선우,남,1995-07-29,y,y,y,사망,음주운전,2022-09-18,114,2022I69
216,이서연,여,1984-01-19,y,y,n,부상,과속,2022-01-17,110,2022A55
217,노하은,여,1996-06-22,y,y,y,부상,음주운전,2022-08-11,87,2022H7
218,이시우,여,1961-06-11,y,y,y,부상,음주운전,2022-09-26,105,2022I44
219,성서연,남,1986-02-14,y,y,n,부상,신호위반,2022-07-22,83,2022G63
220,조윤서,남,2001-07-20,y,y,n,사망,과속,2022-06-18,120,2022F6
221,최준우,남,1962-02-11,y,y,y,부상,음주운전,2022-01-01,116,2022A99
222,조지우,여,1998-11-22,y,n,n,사망,과속,2022-09-16,128,2022I94
223,이민준,여,2001-08-04,y,y,n,부상,과속,2022-08-29,95,2022H26
224,곽준서,남,1994-08-27,y,y,n,부상,과속,2022-09-25,99,2022I97
225,육예준,남,1998-04-16,y,y,n,부상,과속,2022-10-20,96,2022J11
226,조주원,남,1969-07-21,y,y,n,부상,과속,2022-07-03,102,2022G86
227,최주원,여,1997-05-21,y,y,n,사망,신호위반,2022-03-05,128,2022C9
228,노지후,여,1960-06-15,y,y,n,부상,과속,2022-12-06,100,2022L27
229,한지안,남,1993-09-05,y,y,y,사망,음주운전,2022-03-08,120,2022C4
230,유서준,남,1982-12-30,y,y,n,부상,중앙선 침범,2022-09-09,112,2022I5
231,장채원,여,1981-03-29,y,y,y,부상,음주운전,2022-10-23,116,2022J73
232,조하준,여,1974-06-01,y,y,y,부상,음주운전,2022-10-11,110,2022J18
233,곽주호,여,1967-05-07,y,y,y,부상,음주운전,2022-09-26,83,2022I86
234,황서준,여,1973-02-10,y,y,n,부상,중앙선 침범,2022-05-20,99,2022Z63
235,정지호,남,1981-09-05,y,y,n,부상,과속,2022-03-16,99,2022C25
236,조서연,남,1993-04-30,y,y,n,부상,중앙선 침범,2022-02-28,107,2022B12
237,노지후,남,1972-04-15,y,y,n,사망,과속,2022-08-30,123,2022H65
238,장채은,여,1983-03-16,y,y,n,부상,신호위반,2022-03-15,118,2022C30
239,황지원,여,1974-04-24,y,y,n,부상,신호위반,2022-03-15,93,2022C30
240,정준서,남,1968-12-11,y,y,y,부상,음주운전,2022-01-09,86,2022A85
241,육준서,여,1981-07-27,y,y,n,사망,과속,2022-09-09,121,2022I81
242,조윤서,남,1987-06-16,y,y,n,부상,과속,2022-10-22,115,2022J49
243,노서준,여,1963-03-19,y,y,n,부상,중앙선 침범,2022-08-16,108,2022H8
244,노서연,남,1970-06-26,y,y,y,부상,음주운전,2022-03-20,99,2022C18
245,한채원,남,1962-03-28,y,y,n,사망,과속,2022-05-29,101,2022Z40
246,조주원,여,1981-06-07,y,y,n,부상,신호위반,2022-07-22,84,2022G75
247,황민서,남,1968-06-21,y,n,y,사망,음주운전,2022-01-18,101,2022A72
248,이연우,남,1994-08-01,y,n,n,부상,신호위반,2022-10-28,92,2022J97
249,곽민서,여,1976-05-30,y,y,n,부상,과속,2022-10-28,98,2022J68
250,최주원,여,1982-04-11,y,y,n,부상,신호위반,2022-03-29,90,2022C16
251,육연우,여,1985-08-08,y,y,n,부상,중앙선 침범,2022-08-16,88,2022H89
252,유수정,여,1996-09-26,y,y,y,부상,음주운전,2022-01-22,101,2022A4
253,유시우,남,1971-09-03,y,y,n,부상,중앙선 침범,2022-08-23,104,2022H21
254,장채원,남,2002-05-05,y,y,n,부상,신호위반,2022-09-30,106,2022I85
255,김수정,남,1977-08-30,y,y,n,부상,과속,2022-06-26,91,2022F53
256,최지유,여,1963-11-29,y,y,n,부상,신호위반,2022-09-19,111,2022I39
257,황서현,남,1981-09-02,y,y,n,부상,과속,2022-01-17,100,2022A78
258,육지우,여,1984-04-21,y,y,n,부상,중앙선 침범,2022-09-03,100,2022I63
259,조서준,남,1996-07-11,y,n,y,부상,음주운전,2022-10-20,80,2022J45
260,이준우,여,1974-02-04,y,n,n,부상,중앙선 침범,2022-01-19,100,2022A95
261,황주호,남,1978-08-30,y,y,y,부상,음주운전,2022-05-29,88,2022Z95
262,김서윤,여,1992-05-29,y,y,n,사망,과속,2022-05-27,121,2022Z98
263,조선우,남,1992-07-31,y,y,n,부상,과속,2022-09-24,104,2022I57
264,이지후,여,1965-11-07,y,y,y,부상,음주운전,2022-10-31,89,2022J80
265,성서진,남,1997-11-24,y,y,y,부상,음주운전,2022-02-26,114,2022B37
266,유지후,여,1988-03-15,y,y,n,부상,과속,2022-06-10,109,2022F16
267,장주원,여,1995-02-05,y,y,n,사망,과속,2022-10-22,125,2022J49
268,한지호,남,1969-08-31,y,y,n,부상,과속,2022-10-02,87,2022J86
269,유서윤,여,1985-03-16,y,y,n,부상,과속,2022-03-13,106,2022C57
270,장지유,여,1975-04-16,y,y,n,사망,과속,2022-01-16,123,2022A71
271,이지안,남,1968-09-24,y,y,n,부상,신호위반,2022-04-03,119,2022D39
272,곽도윤,여,1983-06-17,y,y,n,부상,과속,2022-11-14,115,2022K40
273,곽예준,남,2000-09-13,y,y,y,부상,음주운전,2022-10-06,105,2022J19
274,최하은,여,1985-02-28,y,n,n,사망,신호위반,2022-10-17,120,2022J9
275,한채은,남,1986-04-26,y,y,y,부상,음주운전,2022-03-31,85,2022C99
276,유주호,남,1975-04-17,y,y,n,부상,과속,2022-12-19,102,2022L68
277,한주원,여,1989-04-13,y,y,n,부상,신호위반,2022-10-26,89,2022J32
278,장서준,여,1995-12-31,y,y,n,부상,신호위반,2022-08-24,104,2022H20
279,노주원,여,1978-04-16,y,y,n,부상,신호위반,2022-09-19,105,2022I39
280,한채은,남,1976-11-07,y,y,y,부상,음주운전,2022-03-14,80,2022C65
281,성민서,남,1986-01-28,y,y,n,부상,과속,2022-06-05,105,2022F99
282,이민서,여,1990-06-09,y,y,n,부상,과속,2022-05-17,107,2022Z94
283,조주호,남,1984-05-13,y,y,n,부상,과속,2022-10-22,112,2022J49
284,박주호,여,1999-11-18,y,y,y,부상,음주운전,2022-03-30,92,2022C41
285,김도윤,남,1980-12-21,y,y,y,부상,음주운전,2022-11-11,111,2022K2
286,곽채원,여,1969-09-18,y,y,n,부상,신호위반,2022-10-30,80,2022J59
287,성지우,남,1974-08-26,y,y,y,부상,음주운전,2022-06-10,100,2022F86
288,육하은,남,1994-11-13,y,y,n,부상,과속,2022-03-16,92,2022C25
289,조서준,남,1981-10-17,y,y,n,부상,과속,2022-08-17,102,2022H61
290,곽서현,남,1972-04-07,y,y,y,부상,음주운전,2022-11-15,112,2022K3
291,박지민,여,1974-05-09,y,n,y,사망,과속,2022-01-28,126,2022A16
292,황지유,여,1993-01-11,y,y,y,부상,음주운전,2022-05-03,97,2022Z55
293,성도윤,남,1970-05-08,y,y,n,부상,과속,2022-09-13,100,2022I55
294,최윤서,남,1984-10-19,y,y,n,부상,과속,2022-12-27,109,2022L1
295,황지호,여,1979-01-26,y,y,y,부상,음주운전,2022-06-06,102,2022F96
296,황준서,남,1973-11-15,y,y,y,부상,음주운전,2022-01-01,87,2022A19
297,조서윤,여,1983-03-23,y,y,y,부상,음주운전,2022-05-07,113,2022Z15
298,정지원,여,1972-09-19,y,y,y,부상,음주운전,2022-11-29,83,2022K51
299,한윤서,여,1970-09-19,y,y,n,부상,중앙선 침범,2022-03-28,117,2022C27
300,성민준,남,1970-01-08,y,y,n,사망,과속,2022-01-25,122,2022A67
301,유준서,남,1994-07-19,y,y,n,부상,신호위반,2022-08-18,106,2022H19
302,육주호,남,1978-08-19,y,y,n,부상,중앙선 침범,2022-07-26,110,2022G93
303,이하준,남,1996-11-23,y,y,y,부상,음주운전,2022-05-03,112,2022Z55
304,장수정,여,1973-07-07,y,y,y,부상,음주운전,2022-10-14,109,2022J23
305,정예준,남,2002-11-16,y,y,y,부상,음주운전,2022-07-08,116,2022G83
306,최하은,여,1978-09-13,y,y,n,부상,과속,2022-06-10,101,2022F45
307,곽서연,여,1994-11-13,y,y,n,부상,과속,2022-10-01,83,2022J67
308,정민서,여,1978-10-20,y,y,n,사망,중앙선 침범,2022-09-09,127,2022I5
309,박수정,여,2002-08-28,y,y,n,사망,과속,2022-01-25,123,2022A67
310,장서윤,남,1992-07-31,y,y,n,부상,신호위반,2022-12-03,112,2022L72
311,이서윤,남,1984-02-11,y,y,n,부상,신호위반,2022-08-31,101,2022H57
312,곽지후,여,1992-09-22,y,y,n,사망,과속,2022-02-03,120,2022B89
313,유하은,남,1997-03-30,y,y,n,부상,신호위반,2022-08-09,89,2022H31
314,정지원,남,1990-04-21,y,y,n,부상,과속,2022-02-22,109,2022B4
315,유지원,여,1992-02-07,y,y,n,부상,중앙선 침범,2022-08-29,105,2022H29
316,이연우,남,1960-06-04,y,y,n,부상,신호위반,2022-08-23,99,2022H70
317,박지안,남,2000-11-28,y,y,n,부상,중앙선 침범,2022-08-29,111,2022H41
318,유선우,남,1982-01-12,y,y,n,부상,중앙선 침범,2022-07-17,115,2022G59
319,정지원,남,1962-10-24,y,n,n,사망,과속,2022-05-03,120,2022Z27
320,최연우,남,1988-05-01,y,y,y,부상,음주운전,2022-07-08,81,2022G83
321,성하은,여,1964-11-10,y,y,n,사망,과속,2022-03-29,127,2022C28
322,박수정,남,1989-11-21,y,n,n,사망,과속,2022-09-23,125,2022I29
323,육지유,남,1988-07-14,y,y,n,부상,과속,2022-01-07,98,2022A43
324,육준서,남,1965-08-01,y,y,n,사망,과속,2022-05-22,128,2022Z11
325,황하은,남,1983-08-26,y,y,n,부상,과속,2022-04-19,101,2022D4
326,곽주원,남,1983-07-08,y,y,n,부상,신호위반,2022-07-07,103,2022G85
327,곽주원,남,1986-11-06,y,y,n,부상,신호위반,2022-11-21,91,2022K32
328,한하준,남,1962-04-29,y,y,y,부상,음주운전,2022-01-08,84,2022A3
329,정지원,남,2001-12-11,y,n,n,부상,과속,2022-09-24,116,2022I49
330,유지안,남,1966-07-01,y,y,n,부상,과속,2022-08-24,85,2022H5
331,황수정,남,1969-10-18,y,y,n,부상,중앙선 침범,2022-04-19,111,2022D47
332,육서윤,남,1995-12-30,y,y,n,부상,신호위반,2022-11-25,102,2022K56
333,한서현,여,1992-07-26,y,n,n,사망,과속,2022-08-03,123,2022H62
334,유지유,남,2000-10-05,y,y,y,부상,음주운전,2022-01-21,97,2022A90
335,곽서윤,여,1999-06-23,y,y,y,부상,음주운전,2022-09-16,91,2022I64
336,정지원,남,1978-12-24,y,y,y,부상,음주운전,2022-01-21,115,2022A90
337,성채은,남,1982-03-23,y,y,n,부상,신호위반,2022-12-12,91,2022L97
338,장지호,남,1969-08-19,y,y,n,부상,과속,2022-05-31,81,2022Z44
339,조하은,남,1998-12-23,y,y,n,사망,과속,2022-03-13,91,2022C48
340,황하은,남,1978-11-20,y,y,n,부상,중앙선 침범,2022-03-16,102,2022C73
341,정하은,남,1970-01-15,y,n,n,사망,신호위반,2022-02-28,120,2022B10
342,최지유,남,1981-09-17,y,y,n,부상,중앙선 침범,2022-03-16,115,2022C40
343,육시우,남,1997-03-18,y,y,n,사망,과속,2022-03-15,125,2022C72
344,정지안,여,1988-09-07,y,y,y,부상,음주운전,2022-08-13,89,2022H99
345,이채은,남,1966-04-14,y,y,y,부상,음주운전,2022-09-18,117,2022I69
346,장준서,남,2002-08-01,y,y,n,부상,과속,2022-05-27,105,2022Z98
347,이민준,남,1977-06-06,y,y,y,부상,음주운전,2022-01-11,113,2022A79
348,정서준,남,2002-04-02,y,y,y,부상,음주운전,2022-10-01,117,2022J10
349,성준서,남,1995-11-16,y,y,y,부상,음주운전,2022-01-13,108,2022A63
350,조서준,남,1985-03-26,y,y,n,부상,중앙선 침범,2022-02-03,99,2022B58
351,노시우,여,1987-04-04,y,y,n,사망,중앙선 침범,2022-03-05,100,2022C34
352,곽지호,남,1991-02-22,y,y,n,사망,과속,2022-09-01,125,2022I46
353,성민서,여,1983-02-14,y,y,n,부상,중앙선 침범,2022-07-12,85,2022G18
354,장서진,남,1974-09-02,y,n,n,사망,과속,2022-04-26,124,2022D83
355,유지후,남,1994-07-14,y,y,n,부상,중앙선 침범,2022-03-01,98,2022C63
356,곽주호,여,1974-02-25,y,y,y,부상,음주운전,2022-11-30,107,2022K27
357,한주원,여,1999-05-07,y,y,n,부상,신호위반,2022-02-28,82,2022B10
358,육민서,남,1984-09-05,y,y,n,부상,중앙선 침범,2022-04-12,119,2022D63
359,육연우,남,1962-04-16,y,y,n,부상,신호위반,2022-12-03,84,2022L7
360,최지우,여,1972-11-03,y,y,y,부상,음주운전,2022-08-30,105,2022H80
361,박민준,여,1994-05-16,y,y,y,사망,음주운전,2022-05-17,103,2022Z13
362,황선우,여,1965-09-28,y,y,n,사망,중앙선 침범,2022-12-31,129,2022L4
363,조준우,남,2001-04-09,y,y,n,부상,과속,2022-05-05,108,2022Z6
364,조도윤,남,1981-05-20,y,y,n,사망,과속,2022-10-26,121,2022J63
365,한지유,여,1961-01-23,y,y,y,부상,음주운전,2022-09-25,89,2022I68
366,이하은,남,1970-10-26,y,y,n,부상,신호위반,2022-06-10,94,2022F48
367,이주호,남,1971-03-20,y,y,y,부상,음주운전,2022-09-04,110,2022I36
368,육서연,남,1967-09-21,y,y,n,부상,중앙선 침범,2022-12-24,103,2022L17
369,곽준우,남,1986-09-21,y,y,y,부상,음주운전,2022-03-19,119,2022C64
370,정주호,남,1972-09-24,y,y,n,사망,과속,2022-10-13,126,2022J20
371,노준서,남,1993-11-15,y,y,y,부상,음주운전,2022-02-15,115,2022B7
372,한지안,여,1977-12-17,y,y,n,사망,과속,2022-07-21,127,2022G48
373,성하준,여,1993-02-19,y,y,n,사망,과속,2022-11-29,129,2022K41
374,김준우,남,1997-03-25,y,y,y,사망,과속,2022-02-28,126,2022B29
375,한도윤,남,1963-06-04,y,y,n,부상,중앙선 침범,2022-08-31,114,2022H47
376,조선우,남,1988-11-17,y,y,n,부상,중앙선 침범,2022-03-17,86,2022C54
377,박시우,남,1989-02-22,y,y,n,사망,과속,2022-01-25,125,2022A6
378,유지후,남,1967-09-02,y,y,n,부상,과속,2022-07-28,106,2022G41
379,이하준,남,1988-10-12,y,y,n,부상,과속,2022-06-17,80,2022F98
380,조수정,남,1982-08-28,y,y,n,사망,신호위반,2022-03-15,122,2022C30
381,육채원,여,1976-02-03,y,n,n,사망,중앙선 침범,2022-06-22,112,2022F83
382,장수정,남,1965-07-09,y,y,n,사망,과속,2022-03-09,120,2022C61
383,유지유,여,1977-09-02,y,n,y,사망,음주운전,2022-09-13,127,2022I77
384,노지유,남,1964-03-24,y,y,y,부상,음주운전,2022-05-22,111,2022Z67
385,최서연,남,1978-12-10,y,n,n,사망,신호위반,2022-01-12,94,2022A22
386,한하은,여,1979-02-01,y,y,n,부상,신호위반,2022-12-03,98,2022L72
387,정민준,여,1973-10-19,y,y,n,부상,신호위반,2022-05-18,99,2022Z50
388,이준서,여,1970-02-26,y,y,y,부상,음주운전,2022-01-21,84,2022A90
389,성하윤,여,1998-06-09,y,y,n,부상,중앙선 침범,2022-02-28,88,2022B12
390,박채은,남,1962-04-22,y,y,n,사망,과속,2022-07-27,127,2022G57
391,유민서,여,1978-03-17,y,y,y,부상,음주운전,2022-11-13,84,2022K12
392,육서윤,남,1976-07-19,y,y,n,부상,신호위반,2022-03-15,105,2022C88
393,한지원,여,1981-12-03,y,y,y,부상,음주운전,2022-03-30,89,2022C41
394,노예준,남,1982-04-02,y,y,n,부상,중앙선 침범,2022-11-10,95,2022K54
395,노주호,여,2001-12-23,y,y,n,부상,과속,2022-05-18,94,2022Z65
396,유준서,여,1969-10-30,y,y,n,부상,과속,2022-01-08,114,2022A24
397,노지우,여,1998-10-08,y,y,n,부상,중앙선 침범,2022-11-03,86,2022K42
398,황윤서,여,1979-12-09,y,y,n,부상,신호위반,2022-08-14,113,2022H83
399,조하윤,여,1988-05-10,y,y,n,부상,중앙선 침범,2022-09-04,103,2022I8
400,한서연,여,1976-12-25,y,y,n,부상,중앙선 침범,2022-07-22,87,2022G67
401,노지후,여,1965-07-11,y,y,n,부상,과속,2022-08-30,92,2022H65
402,이채은,여,1995-08-19,y,y,n,사망,과속,2022-10-22,126,2022J60
403,박선우,남,1990-11-15,y,y,n,부상,신호위반,2022-11-30,92,2022K59
404,정민서,남,1988-06-03,y,y,n,부상,중앙선 침범,2022-05-13,119,2022Z54
405,박윤서,남,1975-11-27,y,y,n,부상,중앙선 침범,2022-12-11,90,2022L92
406,황시우,여,1972-04-02,y,y,y,부상,음주운전,2022-01-09,102,2022A84
407,박채은,남,1977-09-14,y,y,n,사망,과속,2022-01-29,98,2022A75
408,유연우,남,1963-08-01,y,y,y,사망,과속,2022-12-10,128,2022L89
409,곽서윤,남,1967-04-20,y,y,y,사망,음주운전,2022-03-08,124,2022C49
410,성서윤,남,2002-02-01,y,n,y,사망,음주운전,2022-03-08,128,2022C49
411,성하준,여,1984-01-10,y,y,y,부상,음주운전,2022-08-30,89,2022H80
412,노지민,남,1961-08-11,y,y,y,부상,음주운전,2022-12-17,97,2022L52
413,유시우,여,1971-01-03,y,y,n,부상,중앙선 침범,2022-07-20,92,2022G10
414,노채은,여,1992-05-20,y,y,n,부상,중앙선 침범,2022-05-24,105,2022Z48
415,황수정,남,1969-07-13,y,y,n,부상,과속,2022-05-29,88,2022Z2
416,정선우,여,1977-08-23,y,y,n,부상,과속,2022-10-28,116,2022J5
417,유서준,남,1972-07-13,y,y,n,부상,신호위반,2022-03-25,83,2022C47
418,정주원,남,1976-02-16,y,y,n,부상,신호위반,2022-08-22,100,2022H3
419,조채원,여,1987-09-26,y,y,n,부상,중앙선 침범,2022-11-25,102,2022K95
420,조지우,남,2000-02-14,y,y,n,사망,신호위반,2022-02-20,94,2022B83
421,한지민,여,1978-11-28,y,y,n,부상,중앙선 침범,2022-08-16,111,2022H8
422,정주호,남,1974-09-09,y,n,n,사망,과속,2022-04-15,125,2022D28
423,김하은,남,1996-03-24,y,y,n,부상,과속,2022-01-08,82,2022A13
424,유지우,여,2002-09-11,y,y,n,부상,중앙선 침범,2022-05-22,113,2022Z66
425,육지후,여,1964-10-01,y,y,n,부상,신호위반,2022-07-27,96,2022G76
426,황연우,여,1989-06-30,y,y,n,부상,중앙선 침범,2022-10-28,117,2022J24
427,정도윤,남,1984-01-16,y,y,n,부상,중앙선 침범,2022-03-17,118,2022C54
428,노하은,남,1994-02-25,y,y,n,사망,과속,2022-10-29,123,2022J98
429,박채원,여,1989-06-24,y,n,n,사망,과속,2022-10-19,112,2022J26
430,한윤서,남,1973-09-30,y,y,n,부상,중앙선 침범,2022-10-13,105,2022J96
431,곽서윤,여,1998-02-18,y,y,y,부상,음주운전,2022-05-19,84,2022Z81
432,정서현,여,1981-04-06,y,y,y,부상,음주운전,2022-09-25,88,2022I28
433,육예준,남,1997-09-28,y,y,n,사망,과속,2022-03-12,126,2022C86
434,정서현,남,1960-05-05,y,y,n,사망,과속,2022-06-18,128,2022F88
435,이지안,여,1997-02-16,y,y,y,부상,음주운전,2022-12-16,111,2022L21
436,유예준,남,1990-01-12,y,y,y,부상,음주운전,2022-01-03,91,2022A15
437,정서연,남,1966-08-15,y,y,n,사망,과속,2022-07-20,127,2022G94
438,박지우,여,1994-09-15,y,y,n,부상,신호위반,2022-12-03,93,2022L7
439,조시우,여,1973-01-09,y,y,n,부상,중앙선 침범,2022-07-31,96,2022G33
440,정민준,여,1976-10-13,y,y,n,사망,과속,2022-04-25,124,2022D57
441,성시우,남,1962-06-25,y,y,n,부상,과속,2022-10-23,101,2022J64
442,박도윤,남,1988-02-08,y,y,n,부상,중앙선 침범,2022-11-30,93,2022K86
443,유지민,여,1987-06-03,y,y,n,사망,과속,2022-07-03,128,2022G68
444,황도윤,남,1981-11-13,y,y,n,부상,신호위반,2022-10-19,92,2022J83
445,노하윤,남,1999-06-15,y,y,n,부상,과속,2022-01-25,114,2022A60
446,정윤서,여,1965-04-15,y,y,y,부상,음주운전,2022-05-19,95,2022Z81
447,한서현,여,1991-03-26,y,y,y,부상,음주운전,2022-03-11,97,2022C90
448,유하은,남,1981-11-25,y,y,n,부상,중앙선 침범,2022-01-27,95,2022A69
449,유서진,여,1979-06-02,y,y,y,부상,음주운전,2022-05-24,105,2022Z82
450,조서진,여,1961-08-04,y,y,n,부상,신호위반,2022-05-21,109,2022Z80
451,곽채원,여,1982-04-30,y,y,n,부상,신호위반,2022-10-24,100,2022J35
452,노지민,남,1962-09-22,y,y,y,부상,음주운전,2022-06-18,93,2022F40
453,김주원,여,1986-04-26,y,y,n,사망,신호위반,2022-06-30,123,2022F41
454,곽윤서,남,2001-07-29,y,y,n,사망,과속,2022-03-07,124,2022C52
455,유윤서,여,1993-02-27,y,y,n,부상,중앙선 침범,2022-12-06,110,2022L71
456,박준서,여,1971-08-15,y,y,n,부상,중앙선 침범,2022-10-04,85,2022J12
457,유민준,남,2000-03-30,y,y,n,부상,신호위반,2022-02-23,94,2022B20
458,성하윤,여,1974-08-25,y,y,y,사망,음주운전,2022-05-22,120,2022Z67
459,노하윤,여,1989-01-23,y,y,n,사망,과속,2022-01-08,122,2022A65
460,한준우,여,1987-05-06,y,y,n,부상,중앙선 침범,2022-10-18,89,2022J37
461,유민서,남,1971-06-13,y,y,y,부상,음주운전,2022-08-29,85,2022H94
462,이시우,남,1980-03-19,y,n,y,사망,음주운전,2022-10-14,112,2022J75
463,육지후,여,1997-09-21,y,y,y,부상,음주운전,2022-09-15,106,2022I21
464,장지안,여,1975-10-17,y,y,n,부상,과속,2022-01-11,109,2022A92
465,유수정,여,1977-01-10,y,y,n,부상,과속,2022-07-08,100,2022G26
466,정지호,남,1987-01-16,y,y,n,부상,중앙선 침범,2022-06-15,96,2022F63
467,황하윤,여,1993-05-20,y,y,n,사망,과속,2022-06-23,126,2022F82
468,조준우,남,1986-07-05,y,y,n,사망,과속,2022-01-13,128,2022A87
469,노서준,여,1995-11-30,y,y,n,부상,과속,2022-04-15,89,2022D28
470,한수정,여,1972-03-14,y,y,y,부상,음주운전,2022-04-12,113,2022D98
471,한윤서,여,1988-03-09,y,n,n,사망,중앙선 침범,2022-04-07,109,2022D12
472,한서준,남,1986-11-14,y,y,n,부상,과속,2022-02-08,102,2022B17
473,장예준,여,1980-01-04,y,y,y,부상,음주운전,2022-10-04,103,2022J90
474,김선우,남,1998-10-31,y,y,n,부상,중앙선 침범,2022-12-31,115,2022L61
475,유예준,여,1965-07-05,y,y,n,부상,중앙선 침범,2022-05-27,89,2022Z42
476,박하준,남,1983-03-08,y,y,n,부상,과속,2022-12-14,91,2022L87
477,성지호,여,1992-01-04,y,y,n,부상,신호위반,2022-07-07,115,2022G85
478,성서준,남,2001-03-14,y,y,n,부상,중앙선 침범,2022-06-24,95,2022F38
479,곽지후,여,1990-01-04,y,y,n,부상,과속,2022-01-08,99,2022A13
480,최지우,남,1971-03-05,y,y,n,부상,과속,2022-02-22,86,2022B61
481,정수정,남,1967-05-12,y,y,y,부상,음주운전,2022-04-06,87,2022D65
482,박수정,남,1982-02-18,y,y,n,부상,과속,2022-04-30,112,2022D94
483,박서윤,남,1991-01-08,y,y,n,부상,신호위반,2022-04-16,116,2022D76
484,황연우,여,1982-07-28,y,y,n,부상,신호위반,2022-01-24,87,2022A34
485,장예준,남,1974-05-28,y,y,y,부상,음주운전,2022-08-06,81,2022H13
486,최지유,여,1974-06-02,y,y,n,부상,과속,2022-02-22,110,2022B61
487,정지후,여,1979-04-26,y,y,n,부상,과속,2022-09-09,95,2022I81
488,장서진,남,1964-04-14,y,y,n,사망,중앙선 침범,2022-12-25,102,2022L66
489,곽도윤,남,1964-02-02,y,n,n,부상,과속,2022-05-29,90,2022Z84
490,정하은,여,1962-01-13,y,y,n,사망,과속,2022-05-06,128,2022Z76
491,노서연,여,1963-07-24,y,y,n,부상,신호위반,2022-12-08,88,2022L25
492,한민준,여,1994-07-24,y,y,y,부상,음주운전,2022-12-25,112,2022L34
493,유도윤,여,1978-07-07,y,y,n,부상,신호위반,2022-11-05,101,2022K23
494,유지안,남,1985-08-25,y,y,y,부상,음주운전,2022-06-09,108,2022F21
495,곽선우,여,1975-09-03,y,y,n,부상,과속,2022-06-18,92,2022F88
496,박주호,남,1975-09-25,y,y,n,부상,과속,2022-04-30,119,2022D58
497,성서진,남,1977-07-26,y,y,y,부상,음주운전,2022-07-11,84,2022G44
498,곽하준,여,1992-10-19,y,y,y,부상,음주운전,2022-05-29,95,2022Z95
499,황하준,여,1986-07-10,y,y,n,사망,과속,2022-01-25,128,2022A70
500,노서준,남,1971-07-24,y,y,y,부상,음주운전,2022-04-11,107,2022D43
501,정선우,여,1971-01-03,y,n,n,사망,과속,2022-03-15,127,2022C83
502,황서진,남,1980-08-18,y,y,n,부상,중앙선 침범,2022-06-20,115,2022F32
503,이지안,여,1975-03-17,y,n,n,사망,중앙선 침범,2022-01-19,125,2022A95
504,이서연,여,1974-09-02,y,y,y,사망,음주운전,2022-04-23,129,2022D74
505,정민준,남,1970-02-27,y,y,y,사망,음주운전,2022-03-14,126,2022C65
506,이서연,여,1979-07-18,y,y,y,부상,음주운전,2022-04-13,90,2022D64
507,한주원,남,1975-07-24,y,y,y,부상,음주운전,2022-12-16,98,2022L21
508,김지원,남,1985-02-21,y,y,n,부상,중앙선 침범,2022-03-23,110,2022C39
509,황연우,남,1964-08-03,y,y,n,사망,과속,2022-04-19,126,2022D20
510,곽주호,여,1967-04-30,y,n,n,사망,과속,2022-10-19,125,2022J2
511,김채원,남,1980-04-15,y,y,n,사망,중앙선 침범,2022-06-22,126,2022F83
512,육하은,여,1982-10-29,y,y,n,사망,과속,2022-06-25,123,2022F60
513,황하은,남,1987-03-24,y,y,n,부상,과속,2022-01-25,114,2022A67
514,곽채원,남,1984-03-15,y,y,n,부상,과속,2022-04-25,95,2022D30
515,장지우,남,1986-03-28,y,y,y,부상,음주운전,2022-07-05,108,2022G24
516,이지원,남,2000-04-12,y,y,n,부상,중앙선 침범,2022-03-23,105,2022C39
517,최주원,여,1988-01-15,y,y,n,부상,중앙선 침범,2022-09-01,86,2022I93
518,성시우,남,1992-11-10,y,y,n,사망,중앙선 침범,2022-10-10,100,2022J22
519,성준서,여,1963-08-03,y,n,n,사망,과속,2022-09-25,122,2022I43
520,조채원,남,1995-06-01,y,y,n,사망,중앙선 침범,2022-08-31,123,2022H47
521,유채은,남,1983-02-21,y,y,n,부상,과속,2022-09-22,97,2022I9
522,최지원,남,1969-03-17,y,y,y,부상,음주운전,2022-09-11,89,2022I27
523,장준우,남,1973-04-20,y,n,n,사망,신호위반,2022-12-12,127,2022L97
524,성도윤,남,1985-07-14,y,y,n,부상,중앙선 침범,2022-08-29,101,2022H29
525,성서진,남,1985-08-09,y,y,n,부상,과속,2022-03-30,118,2022C45
526,최하준,여,1964-01-04,y,y,y,부상,음주운전,2022-06-10,115,2022F8
527,최서현,남,1993-02-28,y,y,n,사망,신호위반,2022-10-18,125,2022J4
528,김준서,여,1965-12-19,y,y,n,사망,신호위반,2022-11-28,128,2022K73
529,조서진,남,1972-10-05,y,y,n,사망,과속,2022-04-19,123,2022D4
530,곽예준,남,1985-12-25,y,y,n,부상,중앙선 침범,2022-05-22,82,2022Z74
531,황민준,여,1996-08-11,y,y,y,부상,음주운전,2022-04-23,102,2022D38
532,성준우,여,1987-10-31,y,y,y,부상,음주운전,2022-03-05,89,2022C37
533,정지안,남,1967-08-07,y,y,y,부상,음주운전,2022-08-07,105,2022H40
534,유서진,남,1969-05-20,y,y,n,부상,신호위반,2022-10-28,108,2022J48
535,최서현,남,1973-05-15,y,y,n,사망,중앙선 침범,2022-09-03,91,2022I24
536,노선우,여,1965-06-18,y,y,n,부상,과속,2022-08-27,111,2022H33
537,유지호,남,1984-03-19,y,y,n,부상,중앙선 침범,2022-12-24,111,2022L78
538,최지후,남,1986-01-06,y,y,n,부상,과속,2022-10-19,115,2022J2
539,최서윤,여,1969-11-08,y,y,y,부상,음주운전,2022-08-11,81,2022H7
540,박지후,여,2002-09-20,y,y,n,부상,과속,2022-03-26,97,2022C10
541,정주원,여,2000-06-28,y,n,n,사망,과속,2022-12-03,126,2022L44
542,유하윤,남,1987-07-15,y,y,n,부상,신호위반,2022-08-26,104,2022H54
543,박민준,여,1979-10-12,y,y,n,부상,신호위반,2022-03-15,88,2022C30
544,김하은,여,1993-12-23,y,y,n,부상,과속,2022-07-15,110,2022G5
545,조채은,남,1986-04-20,y,y,n,부상,신호위반,2022-04-18,96,2022D75
546,김하윤,남,1992-02-09,y,y,n,사망,과속,2022-10-03,106,2022J57
547,최수정,남,1992-07-25,y,y,n,사망,과속,2022-12-15,120,2022L79
548,김준서,남,1973-05-13,y,y,y,부상,음주운전,2022-07-28,108,2022G51
549,성주호,여,1963-11-12,y,y,n,부상,과속,2022-03-15,113,2022C84
550,정지후,여,1971-02-28,y,y,n,부상,신호위반,2022-04-08,101,2022D17
551,육채원,남,1967-02-15,y,y,n,부상,중앙선 침범,2022-12-03,83,2022L23
552,곽수정,여,1992-09-17,y,y,n,부상,중앙선 침범,2022-07-26,83,2022G40
553,최지호,여,1970-05-31,y,y,y,부상,음주운전,2022-08-02,81,2022H96
554,성지유,여,2000-09-27,y,y,y,부상,음주운전,2022-05-30,94,2022Z91
555,유지유,남,1991-10-31,y,y,n,사망,중앙선 침범,2022-12-31,121,2022L61
556,조서윤,남,1989-12-04,y,y,n,부상,과속,2022-07-15,80,2022G5
557,정하준,여,1976-07-09,y,y,n,사망,과속,2022-11-09,123,2022K14
558,황주원,남,1980-07-21,y,n,n,사망,과속,2022-10-19,128,2022J2
559,한수정,여,1999-02-17,y,y,n,부상,과속,2022-02-22,113,2022B4
560,유주원,남,1960-06-02,y,y,n,부상,과속,2022-03-13,110,2022C5
561,성수정,여,1988-08-21,y,y,n,부상,중앙선 침범,2022-12-30,101,2022L49
562,이연우,남,1971-12-20,y,y,n,부상,신호위반,2022-05-07,97,2022Z18
563,김지후,여,1985-12-23,y,y,n,부상,중앙선 침범,2022-07-31,106,2022G33
564,노주원,여,1969-03-08,y,y,n,부상,신호위반,2022-02-23,100,2022B19
565,노수정,남,1975-11-07,y,y,n,부상,신호위반,2022-05-23,98,2022Z97
566,황서윤,여,1998-08-27,y,y,n,부상,신호위반,2022-06-01,111,2022F76
567,장하윤,여,1981-12-01,y,y,n,부상,신호위반,2022-02-20,111,2022B62
568,곽서진,여,1971-04-19,y,y,y,부상,음주운전,2022-01-31,86,2022A51
569,이윤서,남,2000-07-16,y,y,n,부상,신호위반,2022-01-24,83,2022A34
570,김준서,남,1974-01-19,y,y,n,부상,중앙선 침범,2022-01-08,81,2022A29
571,한하준,남,1965-06-05,y,n,y,사망,음주운전,2022-05-12,128,2022Z86
572,김지우,남,1990-03-04,y,y,n,부상,과속,2022-03-17,102,2022C79
573,육선우,여,1968-02-11,y,y,y,부상,음주운전,2022-09-25,96,2022I13
574,한민준,남,1968-11-06,y,y,n,부상,과속,2022-12-02,83,2022L59
575,정연우,여,1989-11-20,y,y,n,부상,과속,2022-06-18,112,2022F88
576,성채은,여,1991-05-22,y,y,n,부상,신호위반,2022-04-30,111,2022D70
577,노주호,여,1999-10-01,y,y,y,사망,과속,2022-11-28,129,2022K38
578,황시우,여,1967-03-22,y,y,n,부상,신호위반,2022-03-19,84,2022C89
579,한준우,여,1987-04-26,y,y,n,사망,과속,2022-02-08,109,2022B95
580,조지후,남,2001-05-16,y,n,n,사망,과속,2022-08-17,107,2022H61
581,장서연,남,1984-04-06,y,y,n,부상,중앙선 침범,2022-07-12,84,2022G18
582,성주호,여,1999-05-08,y,y,y,부상,음주운전,2022-11-29,99,2022K5
583,이주원,남,1978-02-02,y,y,n,부상,중앙선 침범,2022-06-22,113,2022F83
584,노예준,여,1998-03-23,y,y,y,부상,음주운전,2022-11-02,101,2022K49
585,정서준,여,1999-01-29,y,y,n,사망,과속,2022-05-06,126,2022Z7
586,장민서,남,1970-07-15,y,y,n,부상,중앙선 침범,2022-08-27,106,2022H36
587,최서현,여,1995-08-23,y,y,n,사망,중앙선 침범,2022-04-12,125,2022D63
588,정도윤,남,1996-06-12,y,y,n,부상,과속,2022-07-12,111,2022G45
589,최서준,남,1980-09-05,y,y,n,부상,중앙선 침범,2022-04-30,107,2022D85
590,정민서,여,1994-06-25,y,y,n,부상,신호위반,2022-03-15,110,2022C30
591,최선우,여,1973-06-18,y,y,n,부상,신호위반,2022-11-26,89,2022K83
592,최채원,남,1984-08-07,y,y,n,부상,중앙선 침범,2022-03-30,99,2022C68
593,곽지우,남,1982-05-08,y,y,n,부상,과속,2022-07-20,95,2022G94
594,박서윤,여,1995-04-23,y,y,n,부상,과속,2022-07-21,105,2022G48
595,최채원,여,1979-11-26,y,y,y,부상,음주운전,2022-11-29,96,2022K51
596,김수정,남,1984-04-19,y,y,n,부상,과속,2022-09-14,93,2022I23
597,최도윤,남,1973-07-30,y,y,n,사망,과속,2022-06-07,124,2022F35
598,유주호,여,1976-06-21,y,y,n,부상,신호위반,2022-04-05,111,2022D40
599,이지호,남,1974-12-10,y,n,n,사망,중앙선 침범,2022-05-18,128,2022Z9
600,노채은,여,1965-11-08,y,y,y,부상,음주운전,2022-10-14,98,2022J75
601,박서연,남,1998-11-09,y,y,n,부상,신호위반,2022-09-15,80,2022I48
602,노시우,남,1965-11-20,y,y,n,부상,과속,2022-05-27,102,2022Z98
603,육예준,여,1964-06-14,y,y,n,부상,중앙선 침범,2022-12-01,93,2022L84
604,장윤서,남,1986-01-04,y,y,n,부상,과속,2022-04-19,88,2022D67
605,노채원,여,1976-05-06,y,n,n,사망,과속,2022-06-08,129,2022F15
606,곽시우,남,1994-06-06,y,y,y,부상,음주운전,2022-08-02,101,2022H96
607,육지유,여,1996-10-31,y,n,y,사망,음주운전,2022-02-15,126,2022B66
608,육준서,남,1985-07-26,y,y,n,부상,과속,2022-01-21,87,2022A52
609,곽주원,남,1995-07-30,y,y,n,부상,과속,2022-08-29,92,2022H2
610,노채은,여,1994-09-11,y,y,y,사망,과속,2022-02-25,123,2022B76
611,유수정,남,1994-01-09,y,y,y,부상,음주운전,2022-07-22,88,2022G49
612,성주원,여,1992-03-06,y,y,n,부상,신호위반,2022-05-08,88,2022Z52
613,한지우,여,1986-07-14,y,y,n,부상,신호위반,2022-08-30,98,2022H84
614,노서연,여,1970-06-12,y,n,n,사망,과속,2022-07-20,127,2022G94
615,박서윤,남,1987-05-17,y,n,y,사망,음주운전,2022-11-25,109,2022K11
616,유연우,여,2002-08-20,y,y,n,부상,중앙선 침범,2022-01-07,111,2022A50
617,최시우,남,1989-10-22,y,y,y,부상,음주운전,2022-02-16,96,2022B91
618,장선우,여,2002-10-14,y,y,y,부상,음주운전,2022-09-15,113,2022I37
619,정지안,여,1980-04-26,y,y,n,부상,중앙선 침범,2022-11-03,91,2022K42
620,육선우,여,1982-02-12,y,y,n,부상,과속,2022-06-30,105,2022F52
621,장서진,여,1976-09-30,y,y,y,부상,음주운전,2022-12-17,99,2022L53
622,곽서윤,여,1984-06-08,y,y,n,부상,중앙선 침범,2022-04-19,89,2022D47
623,한지유,여,1971-12-13,y,y,n,부상,신호위반,2022-02-10,82,2022B70
624,정시우,여,1987-09-18,y,y,n,부상,신호위반,2022-05-04,103,2022Z26
625,한채원,남,1979-02-13,y,y,n,부상,과속,2022-04-25,98,2022D3
626,한서준,여,1969-05-15,y,n,n,사망,중앙선 침범,2022-11-30,91,2022K22
627,박하은,여,1983-08-21,y,y,n,부상,신호위반,2022-10-27,83,2022J27
628,장지호,여,1968-05-04,y,y,n,부상,중앙선 침범,2022-06-08,109,2022F81
629,조도윤,여,1999-02-07,y,y,y,부상,음주운전,2022-07-14,117,2022G61
630,장준우,여,1976-02-16,y,y,y,부상,음주운전,2022-10-01,81,2022J54
631,박하준,여,1996-11-13,y,y,y,사망,음주운전,2022-06-10,128,2022F86
632,한지안,남,1964-05-21,y,y,n,사망,중앙선 침범,2022-12-30,123,2022L49
633,육지유,여,2001-02-07,y,n,n,사망,과속,2022-10-06,126,2022J39
634,박서윤,남,2002-07-29,y,y,n,부상,과속,2022-07-02,91,2022G31
635,성지민,남,1976-02-21,y,y,n,부상,신호위반,2022-11-23,86,2022K9
636,김시우,여,1993-07-22,y,y,y,부상,음주운전,2022-03-13,92,2022C75
637,한수정,남,1990-12-21,y,y,n,부상,중앙선 침범,2022-12-16,84,2022L65
638,김주원,남,1989-07-21,y,y,n,사망,과속,2022-05-27,128,2022Z51
639,노하준,남,1968-06-30,y,y,y,부상,음주운전,2022-08-08,110,2022H38
640,정서연,여,1983-10-19,y,y,n,사망,과속,2022-12-16,119,2022L93
641,정시우,남,1999-07-17,y,y,n,부상,과속,2022-09-10,116,2022I51
642,한채원,여,1974-06-11,y,y,n,부상,과속,2022-03-10,110,2022C46
643,김지후,여,1985-09-18,y,n,n,사망,과속,2022-01-07,128,2022A77
644,김채은,여,1960-05-24,y,y,y,부상,음주운전,2022-08-29,109,2022H94
645,이민서,여,1975-02-23,y,y,n,사망,과속,2022-11-07,125,2022K44
646,정채은,남,1960-03-21,y,y,n,사망,중앙선 침범,2022-12-31,128,2022L61
647,황준서,남,1988-06-24,y,y,y,부상,음주운전,2022-09-30,98,2022I17
648,김지유,남,1981-06-23,y,y,n,부상,과속,2022-08-29,95,2022H88
649,박지우,여,1979-03-04,y,y,n,부상,과속,2022-11-06,102,2022K8
650,정수정,여,1986-08-22,y,y,n,부상,중앙선 침범,2022-05-17,96,2022Z77
651,육민준,남,1961-12-31,y,y,n,부상,과속,2022-01-02,86,2022A23
652,유서연,여,1995-11-06,y,y,n,사망,과속,2022-10-14,122,2022J21
653,조지우,여,1993-02-12,y,y,y,부상,음주운전,2022-06-10,103,2022F8
654,장하은,여,1965-08-08,y,y,y,부상,음주운전,2022-12-28,85,2022L90
655,노지안,여,1983-07-08,y,n,n,사망,신호위반,2022-08-12,110,2022H12
656,육서연,남,1983-12-07,y,y,n,부상,신호위반,2022-10-27,90,2022J27
657,곽준서,남,1980-06-11,y,y,n,부상,중앙선 침범,2022-09-11,117,2022I54
658,최지원,여,1976-01-31,y,y,n,부상,중앙선 침범,2022-12-27,105,2022L29
659,한서준,남,1968-01-28,y,n,n,사망,중앙선 침범,2022-09-09,128,2022I92
660,유연우,남,1998-05-22,y,y,n,부상,과속,2022-01-07,101,2022A77
661,이채은,남,1973-12-04,y,n,y,사망,과속,2022-07-07,121,2022G32
662,최지우,여,1992-03-17,y,y,n,부상,과속,2022-05-06,111,2022Z76
663,유서준,남,1989-06-27,y,y,n,부상,중앙선 침범,2022-09-17,117,2022I12
664,최예준,여,1972-12-05,y,y,n,부상,과속,2022-06-05,116,2022F9
665,장채은,여,1978-03-04,y,y,n,부상,과속,2022-12-09,102,2022L41
666,황하윤,여,1982-04-13,y,y,y,부상,과속,2022-11-28,119,2022K38
667,박선우,여,1974-05-12,y,y,n,사망,중앙선 침범,2022-03-11,114,2022C42
668,한민서,남,1997-06-05,y,y,n,부상,신호위반,2022-05-26,112,2022Z99
669,노서준,여,1976-12-27,y,y,y,부상,음주운전,2022-08-30,111,2022H93
670,이시우,여,1972-05-07,y,y,n,부상,신호위반,2022-01-09,117,2022A18
671,이선우,남,1973-07-10,y,y,n,사망,과속,2022-11-02,127,2022K71
672,황하윤,남,1989-08-01,y,n,y,사망,과속,2022-05-21,126,2022Z88
673,장준우,남,1987-05-12,y,y,y,부상,음주운전,2022-11-22,104,2022K96
674,이지유,남,1999-03-26,y,y,n,사망,과속,2022-07-23,126,2022G12
675,김시우,여,1994-12-01,y,y,n,부상,과속,2022-08-01,92,2022H10
676,노수정,여,1980-12-27,y,y,n,부상,중앙선 침범,2022-03-17,113,2022C54
677,김예준,남,1970-08-10,y,y,y,부상,음주운전,2022-04-16,117,2022D69
678,장윤서,여,1994-05-19,y,y,y,부상,음주운전,2022-09-15,104,2022I21
679,곽서진,남,1976-05-12,y,y,y,부상,음주운전,2022-03-14,89,2022C35
680,유지민,여,1991-10-27,y,n,y,사망,음주운전,2022-06-10,126,2022F86
681,육예준,남,1995-08-10,y,y,n,부상,중앙선 침범,2022-06-22,85,2022F36
682,노연우,여,1998-02-18,y,y,n,부상,과속,2022-09-09,85,2022I81
683,조서준,여,1979-07-25,y,y,n,부상,과속,2022-11-06,95,2022K82
684,육지민,남,1995-12-04,y,y,y,사망,음주운전,2022-01-31,124,2022A5
685,성연우,남,1985-06-27,y,y,n,부상,신호위반,2022-11-17,106,2022K66
686,곽하은,남,1981-05-24,y,y,y,부상,음주운전,2022-10-04,117,2022J71
687,성서진,여,1991-02-23,y,y,n,사망,과속,2022-10-01,123,2022J67
688,정지원,남,1991-12-25,y,y,y,부상,음주운전,2022-01-13,101,2022A36
689,유지원,여,1993-12-19,y,y,n,부상,과속,2022-01-17,83,2022A80
690,육채원,남,1988-11-10,y,y,n,부상,중앙선 침범,2022-01-21,97,2022A91
691,곽연우,여,1968-05-25,y,y,n,사망,신호위반,2022-07-22,125,2022G75
692,노주호,남,2001-06-23,y,y,n,부상,중앙선 침범,2022-05-29,99,2022Z58
693,곽지후,여,1997-05-09,y,n,n,사망,중앙선 침범,2022-01-21,92,2022A9
694,유선우,남,1966-04-05,y,y,y,부상,음주운전,2022-01-03,83,2022A15
695,조도윤,남,2002-02-08,y,y,n,부상,중앙선 침범,2022-07-18,91,2022G25
696,노지민,남,1978-06-19,y,y,n,부상,과속,2022-11-17,112,2022K80
697,최주호,여,1999-10-29,y,y,y,부상,음주운전,2022-07-02,83,2022G50
698,장민준,여,1974-11-28,y,y,n,부상,중앙선 침범,2022-06-02,88,2022F33
699,김수정,남,1997-05-06,y,y,n,부상,신호위반,2022-05-10,112,2022Z72
700,한주호,여,1967-08-09,y,y,y,부상,음주운전,2022-04-15,87,2022D68
701,곽지유,남,1979-09-07,y,y,n,부상,신호위반,2022-04-16,113,2022D84
702,이하준,남,1974-07-01,y,n,n,부상,과속,2022-01-08,114,2022A24
703,노채원,남,1963-07-25,y,y,n,부상,과속,2022-10-14,92,2022J21
704,황준서,남,1971-11-10,y,y,n,부상,신호위반,2022-11-30,95,2022K59
705,장주호,여,1978-08-22,y,y,n,부상,과속,2022-07-21,93,2022G48
706,최민준,남,1964-05-17,y,y,n,부상,과속,2022-05-18,109,2022Z65
707,노윤서,여,1970-12-30,y,y,n,부상,과속,2022-01-02,98,2022A23
708,한수정,여,1998-02-28,y,y,n,부상,과속,2022-08-10,102,2022H98
709,최도윤,남,1967-11-09,y,y,y,부상,음주운전,2022-03-19,97,2022C64
710,성주원,남,1970-07-16,y,y,n,부상,과속,2022-03-03,102,2022C21
711,육서윤,여,1987-03-10,y,y,n,부상,중앙선 침범,2022-05-24,100,2022Z48
712,노연우,여,1986-04-15,y,y,n,부상,신호위반,2022-08-26,86,2022H54
713,육예준,남,1973-09-16,y,y,n,부상,과속,2022-08-08,103,2022H78
714,정지안,남,1987-11-29,y,y,n,부상,중앙선 침범,2022-09-28,102,2022I98
715,한하준,여,1961-12-25,y,n,y,사망,음주운전,2022-04-16,95,2022D6
716,황민서,남,1985-05-19,y,y,n,부상,과속,2022-03-15,107,2022C84
717,유서윤,남,1999-07-06,y,y,n,부상,신호위반,2022-05-18,99,2022Z50
718,곽시우,여,1969-11-25,y,y,n,부상,과속,2022-06-18,83,2022F88
719,박서진,여,2001-01-07,y,n,n,사망,과속,2022-12-21,123,2022L69
720,김서진,남,1994-07-05,y,y,n,부상,과속,2022-05-27,114,2022Z98
721,성민서,남,1982-08-25,y,y,y,부상,음주운전,2022-04-15,87,2022D11
722,노지민,남,1992-11-26,y,y,n,부상,신호위반,2022-05-28,113,2022Z83
723,성지우,여,1978-04-14,y,y,y,부상,음주운전,2022-01-27,89,2022A17
724,정민서,여,1968-05-14,y,y,n,부상,과속,2022-07-20,84,2022G58
725,이채은,여,1995-01-08,y,y,n,부상,과속,2022-03-16,106,2022C25
726,정채은,여,1970-04-04,y,y,n,부상,중앙선 침범,2022-12-11,118,2022L92
727,김도윤,남,1970-09-28,y,y,n,부상,과속,2022-11-07,89,2022K62
728,장수정,여,1972-02-14,y,y,n,부상,과속,2022-12-01,113,2022L31
729,정서진,여,1990-08-19,y,y,n,부상,신호위반,2022-08-22,87,2022H3
730,황지우,여,2000-05-03,y,y,n,사망,과속,2022-11-30,122,2022K30
731,황지우,여,1975-10-16,y,y,n,부상,중앙선 침범,2022-12-18,114,2022L95
732,이하준,남,2001-02-10,y,y,n,부상,중앙선 침범,2022-03-30,106,2022C68
733,한수정,여,1994-06-19,y,y,n,부상,중앙선 침범,2022-11-21,81,2022K99
734,한서진,여,1970-08-29,y,y,n,부상,신호위반,2022-01-11,95,2022A28
735,장서연,남,1970-05-29,y,y,n,사망,과속,2022-12-26,126,2022L22
736,유윤서,여,1975-09-16,y,y,y,부상,음주운전,2022-08-05,96,2022H50
737,김준우,남,1966-01-02,y,y,y,부상,음주운전,2022-07-10,108,2022G21
738,조주호,여,1992-11-29,y,y,n,부상,신호위반,2022-09-13,117,2022I14
739,유하윤,여,1994-11-18,y,y,y,부상,음주운전,2022-11-03,110,2022K61
740,유수정,여,1968-02-03,y,y,y,부상,음주운전,2022-08-30,93,2022H80
741,한민서,여,1995-04-27,y,y,n,부상,신호위반,2022-10-12,95,2022J66
742,장하준,남,1990-10-26,y,y,n,부상,중앙선 침범,2022-08-19,118,2022H23
743,곽준서,남,1982-08-21,y,n,n,사망,과속,2022-04-25,120,2022D93
744,황서윤,남,1963-06-17,y,y,n,사망,과속,2022-04-26,127,2022D96
745,조선우,여,2002-01-14,y,y,y,부상,음주운전,2022-05-17,86,2022Z85
746,조하윤,여,2000-01-05,y,y,n,부상,중앙선 침범,2022-06-20,84,2022F91
747,김서연,여,1982-03-25,y,y,n,사망,과속,2022-08-08,109,2022H78
748,유도윤,남,1973-03-27,y,y,n,부상,중앙선 침범,2022-06-02,115,2022F37
749,장채원,여,1963-09-30,y,y,n,사망,과속,2022-08-31,124,2022H28
750,곽지유,남,1999-03-04,y,y,n,부상,과속,2022-12-31,98,2022L75
751,김도윤,여,1990-06-12,y,y,n,사망,과속,2022-07-15,126,2022G54
752,황준우,여,1997-06-18,y,y,n,부상,신호위반,2022-06-09,93,2022F54
753,성준서,여,1975-06-30,y,y,n,부상,중앙선 침범,2022-11-30,85,2022K22
754,이연우,남,1998-04-29,y,y,n,부상,중앙선 침범,2022-10-04,92,2022J40
755,성도윤,여,1993-01-11,y,y,y,부상,음주운전,2022-10-10,94,2022J70
756,김윤서,여,1969-09-17,y,y,n,사망,과속,2022-01-02,120,2022A54
757,황수정,여,1983-05-28,y,y,y,부상,음주운전,2022-12-05,95,2022L16
758,장채원,여,1985-05-06,y,y,n,부상,중앙선 침범,2022-03-18,117,2022C8
759,정지후,여,1972-05-22,y,y,n,부상,중앙선 침범,2022-02-28,82,2022B75
760,이서윤,남,1976-12-30,y,y,n,사망,과속,2022-04-12,126,2022D27
761,유채원,여,1974-06-08,y,y,y,부상,음주운전,2022-10-26,115,2022J99
762,장서윤,남,1997-12-10,y,y,n,부상,중앙선 침범,2022-09-11,102,2022I54
763,노도윤,남,1981-07-12,y,y,n,부상,중앙선 침범,2022-06-08,112,2022F81
764,장지우,여,1982-05-20,y,y,n,부상,중앙선 침범,2022-11-03,117,2022K42
765,육서연,여,1981-11-29,y,y,n,부상,신호위반,2022-06-14,101,2022F29
766,박지우,남,1988-09-29,y,y,n,부상,신호위반,2022-06-10,83,2022F48
767,노지원,여,1968-11-30,y,y,n,부상,과속,2022-09-22,114,2022I45
768,이하윤,남,1974-05-12,y,y,n,부상,신호위반,2022-05-28,114,2022Z83
769,황서연,남,1991-01-04,y,n,n,사망,과속,2022-05-12,129,2022Z16
770,김지민,여,1969-07-08,y,n,n,사망,과속,2022-10-23,120,2022J31
771,유서진,남,1971-03-05,y,y,n,부상,과속,2022-04-28,119,2022D52
772,성서연,남,1968-11-02,y,y,n,부상,중앙선 침범,2022-12-27,105,2022L29
773,김선우,남,1966-01-18,y,y,n,부상,신호위반,2022-08-30,97,2022H84
774,조준우,남,1978-04-29,y,y,n,부상,중앙선 침범,2022-11-06,87,2022K36
775,장서진,여,1997-09-09,y,n,y,사망,음주운전,2022-03-14,106,2022C65
776,유주호,남,1988-10-18,y,y,y,부상,음주운전,2022-11-04,110,2022K16
777,최하은,여,1993-11-21,y,y,n,부상,과속,2022-10-28,93,2022J6
778,박지우,남,1962-11-25,y,y,n,부상,중앙선 침범,2022-10-16,93,2022J92
779,조서연,여,1988-09-02,y,y,n,부상,과속,2022-04-28,92,2022D52
780,박지유,여,1967-01-08,y,y,n,부상,과속,2022-11-03,107,2022K91
781,장서진,여,1963-11-28,y,y,y,부상,음주운전,2022-09-25,97,2022I68
782,김준우,남,1978-03-29,y,y,n,부상,과속,2022-10-22,81,2022J49
783,황서준,여,1961-04-09,y,n,n,사망,중앙선 침범,2022-11-24,98,2022K7
784,박민서,남,1989-12-23,y,y,n,부상,중앙선 침범,2022-05-18,84,2022Z9
785,박민준,여,1993-06-26,y,y,y,부상,음주운전,2022-08-02,108,2022H96
786,노하윤,여,1995-03-06,y,y,y,부상,음주운전,2022-05-13,97,2022Z62
787,정지민,남,2000-02-28,y,n,n,사망,신호위반,2022-11-26,111,2022K83
788,최서현,남,1976-06-08,y,y,n,부상,과속,2022-06-27,82,2022F23
789,조지안,남,1987-08-14,y,y,n,부상,과속,2022-05-27,90,2022Z61
790,정수정,여,1996-02-09,y,y,n,부상,중앙선 침범,2022-07-29,83,2022G96
791,이주호,여,1969-12-25,y,y,n,사망,중앙선 침범,2022-03-22,103,2022C17
792,한지호,여,1960-04-28,y,y,n,사망,중앙선 침범,2022-10-28,121,2022J24
793,황하은,남,1999-03-09,y,n,n,사망,과속,2022-05-17,124,2022Z10
794,이하윤,남,1964-06-03,y,y,n,부상,신호위반,2022-02-28,98,2022B59
795,곽채원,여,1998-07-17,y,y,y,부상,음주운전,2022-09-07,105,2022I88
796,성서윤,남,1961-07-23,y,y,n,부상,과속,2022-02-22,114,2022B32
797,곽선우,남,1975-12-07,y,y,n,부상,과속,2022-10-22,107,2022J49
798,성도윤,여,1986-04-27,y,y,y,부상,음주운전,2022-01-22,103,2022A45
799,노서현,여,1965-06-17,y,n,n,사망,중앙선 침범,2022-03-17,121,2022C54
800,노서준,남,1970-10-04,y,n,n,사망,과속,2022-03-10,125,2022C46
801,곽주원,남,1976-01-23,y,y,n,부상,신호위반,2022-12-03,107,2022L26
802,이지호,여,1986-03-30,y,n,n,사망,중앙선 침범,2022-06-08,123,2022F81
803,황준우,여,1961-06-26,y,y,n,부상,과속,2022-03-15,114,2022C7
804,정채은,남,1972-09-21,y,y,y,부상,음주운전,2022-10-06,95,2022J19
805,정지우,여,2001-10-11,y,y,n,부상,신호위반,2022-10-24,109,2022J35
806,황연우,남,2002-03-15,y,y,n,부상,신호위반,2022-03-18,111,2022C14
807,김지호,여,1999-01-18,y,y,y,부상,음주운전,2022-04-13,85,2022D24
808,황지원,여,1972-04-30,y,y,n,사망,신호위반,2022-04-16,100,2022D84
809,최지우,여,1962-04-06,y,y,n,부상,신호위반,2022-04-15,115,2022D29
810,노수정,여,1997-08-21,y,y,n,부상,과속,2022-10-06,106,2022J39
811,김서진,여,1985-08-13,y,y,n,사망,과속,2022-07-15,129,2022G5
812,성지안,남,2002-04-30,y,y,y,부상,음주운전,2022-05-25,99,2022Z35
813,최지후,남,1963-02-14,y,y,n,부상,과속,2022-07-07,95,2022G62
814,최하윤,여,1989-05-25,y,n,n,부상,과속,2022-06-30,99,2022F64
815,황채원,남,1962-06-30,y,n,n,사망,과속,2022-07-09,129,2022G37
816,장민준,여,1961-12-04,y,y,y,부상,음주운전,2022-09-19,98,2022I30
817,정서진,여,1976-12-05,y,n,n,사망,과속,2022-08-18,128,2022H34
818,장지우,여,1987-07-10,y,y,n,부상,과속,2022-03-19,102,2022C23
819,곽주호,남,1993-08-27,y,y,n,사망,과속,2022-10-28,126,2022J76
820,황지안,여,1987-08-19,y,n,n,사망,과속,2022-12-16,121,2022L76
821,성선우,남,1976-04-30,y,y,n,부상,신호위반,2022-02-11,85,2022B15
822,박윤서,남,1973-08-01,y,y,n,부상,중앙선 침범,2022-11-30,109,2022K53
823,육주원,여,2002-12-04,y,y,n,부상,과속,2022-01-07,81,2022A77
824,한서준,여,1977-03-24,y,y,n,부상,과속,2022-07-07,104,2022G42
825,박서윤,여,1981-06-24,y,y,n,부상,신호위반,2022-08-31,112,2022H57
826,유주원,여,1979-03-30,y,y,n,사망,중앙선 침범,2022-02-28,126,2022B21
827,장지원,남,1997-08-01,y,y,n,사망,과속,2022-05-12,99,2022Z16
828,한지후,여,1996-04-03,y,y,n,부상,신호위반,2022-08-03,102,2022H45
829,김민준,여,1987-12-21,y,y,y,부상,음주운전,2022-09-07,102,2022I88
830,황주원,남,1976-11-25,y,y,y,사망,음주운전,2022-11-02,96,2022K50
831,정채은,여,1963-08-22,y,y,n,사망,신호위반,2022-09-13,103,2022I20
832,최준우,남,2001-11-21,y,y,n,부상,과속,2022-11-07,82,2022K62
833,유준우,여,1976-03-27,y,y,y,부상,음주운전,2022-07-14,105,2022G61
834,노하윤,남,1967-11-24,y,y,n,부상,중앙선 침범,2022-07-16,103,2022G92
835,황준우,여,1966-03-15,y,y,n,부상,과속,2022-02-16,99,2022B3
836,노지후,여,1982-06-03,y,y,n,부상,과속,2022-09-22,116,2022I99
837,이지유,남,1996-05-06,y,y,y,부상,음주운전,2022-06-29,87,2022F66
838,노서현,남,1964-11-24,y,n,n,사망,중앙선 침범,2022-11-26,91,2022K84
839,최민서,여,1975-05-17,y,y,n,사망,중앙선 침범,2022-01-11,121,2022A8
840,최민준,남,1967-04-27,y,y,n,사망,과속,2022-05-19,105,2022Z60
841,이주원,남,1997-09-29,y,n,n,사망,과속,2022-07-15,129,2022G65
842,김서현,남,1985-06-05,y,y,n,사망,과속,2022-04-30,121,2022D46
843,김하은,남,1992-05-06,y,y,y,부상,음주운전,2022-10-01,103,2022J54
844,한준서,남,1988-05-16,y,y,y,부상,음주운전,2022-12-05,89,2022L16
845,장수정,남,1975-05-07,y,y,y,부상,음주운전,2022-09-15,119,2022I37
846,이서현,여,1961-11-20,y,y,y,부상,음주운전,2022-03-19,111,2022C33
847,육하윤,여,1966-12-11,y,y,n,부상,중앙선 침범,2022-02-04,119,2022B69
848,조서준,여,1987-08-15,y,n,n,사망,과속,2022-07-11,127,2022G95
849,김지우,남,1989-03-18,y,y,n,부상,중앙선 침범,2022-03-18,116,2022C8
850,성서진,남,1977-06-15,y,y,n,부상,과속,2022-03-15,83,2022C84
851,김지우,남,1977-11-20,y,y,y,부상,음주운전,2022-03-05,80,2022C37
852,곽하은,남,1972-03-09,y,n,n,사망,신호위반,2022-03-05,101,2022C9
853,박채원,남,2001-07-04,y,y,n,부상,중앙선 침범,2022-12-08,90,2022L94
854,육시우,남,1984-06-15,y,y,n,부상,신호위반,2022-04-23,85,2022D42
855,정서윤,여,1998-03-29,y,y,n,부상,중앙선 침범,2022-05-27,104,2022Z42
856,정서현,여,1986-04-25,y,y,n,부상,중앙선 침범,2022-12-27,112,2022L32
857,김주호,여,1971-05-10,y,y,n,부상,과속,2022-11-30,86,2022K63
858,정준서,여,1969-11-03,y,y,y,부상,음주운전,2022-06-10,117,2022F86
859,유도윤,여,1963-05-24,y,y,n,부상,과속,2022-07-02,99,2022G11
860,김연우,남,1983-10-25,y,y,n,부상,신호위반,2022-05-08,99,2022Z52
861,정지호,여,1976-09-30,y,n,n,사망,과속,2022-06-10,114,2022F1
862,조주호,여,1966-12-19,y,y,n,부상,중앙선 침범,2022-06-27,111,2022F10
863,성예준,여,1965-01-16,y,y,y,사망,음주운전,2022-09-30,128,2022I10
864,곽윤서,여,1984-05-10,y,y,n,부상,신호위반,2022-09-13,89,2022I20
865,김준서,여,1971-07-09,y,y,n,부상,신호위반,2022-04-02,85,2022D21
866,박민서,여,1974-08-19,y,y,y,부상,음주운전,2022-01-29,112,2022A81
867,한서현,여,1969-07-25,y,y,n,부상,신호위반,2022-07-22,114,2022G6
868,최서연,남,1985-08-27,y,y,y,부상,음주운전,2022-12-04,109,2022L91
869,유서진,남,1985-11-24,y,n,n,사망,과속,2022-10-26,129,2022J38
870,곽하은,남,1997-03-30,y,y,n,부상,중앙선 침범,2022-05-17,118,2022Z77
871,성채원,여,1979-12-04,y,n,n,사망,중앙선 침범,2022-12-03,122,2022L23
872,육준서,남,1992-04-26,y,y,y,사망,과속,2022-12-10,121,2022L89
873,최지민,남,1970-07-12,y,y,y,부상,음주운전,2022-07-10,96,2022G97
874,한주원,여,1996-04-27,y,y,n,부상,과속,2022-04-25,80,2022D57
875,황준서,남,2000-01-12,y,y,n,부상,신호위반,2022-11-02,104,2022K67
876,노도윤,여,1990-02-07,y,y,y,부상,음주운전,2022-03-14,100,2022C35
877,김윤서,여,1981-12-19,y,y,n,부상,신호위반,2022-11-06,117,2022K70
878,한주원,남,1991-12-18,y,y,n,부상,중앙선 침범,2022-08-24,101,2022H4
879,곽예준,남,1999-10-09,y,y,n,부상,신호위반,2022-10-26,110,2022J32
880,정주원,남,1961-01-10,y,y,y,부상,음주운전,2022-07-05,104,2022G24
881,한서준,여,1986-02-17,y,y,n,부상,신호위반,2022-10-19,86,2022J7
882,유도윤,남,1968-07-16,y,y,n,부상,과속,2022-11-09,97,2022K14
883,육하윤,남,1993-08-20,y,y,n,사망,신호위반,2022-02-23,123,2022B19
884,정하은,여,1998-07-10,y,y,n,부상,신호위반,2022-11-25,119,2022K56
885,조준우,여,1971-08-25,y,y,n,부상,신호위반,2022-12-04,110,2022L15
886,김도윤,여,1969-05-11,y,y,n,부상,신호위반,2022-02-23,106,2022B8
887,성하준,남,1991-12-18,y,n,n,사망,신호위반,2022-10-10,103,2022J61
888,조준우,여,1965-12-28,y,y,n,부상,중앙선 침범,2022-09-06,103,2022I58
889,황주호,남,1960-03-11,y,y,n,부상,중앙선 침범,2022-03-16,112,2022C73
890,성서연,남,1977-06-22,y,y,n,사망,과속,2022-04-21,128,2022D87
891,육하윤,여,1993-10-13,y,n,n,사망,과속,2022-09-22,127,2022I9
892,최윤서,남,1964-10-18,y,y,n,부상,중앙선 침범,2022-09-03,85,2022I63
893,곽준서,남,1974-07-14,y,y,n,사망,과속,2022-12-25,122,2022L43
894,유도윤,여,2000-12-09,y,y,n,부상,과속,2022-11-17,109,2022K31
895,장서현,남,1994-08-02,y,y,n,부상,중앙선 침범,2022-09-23,101,2022I61
896,박예준,남,1980-10-13,y,y,n,부상,과속,2022-06-18,119,2022F88
897,장채은,남,1961-09-15,y,y,n,부상,과속,2022-05-29,91,2022Z84
898,최서현,여,1976-07-19,y,n,y,사망,음주운전,2022-01-11,98,2022A31
899,최민서,여,1967-12-24,y,y,n,사망,과속,2022-05-17,123,2022Z24
900,박서윤,여,1962-02-26,y,y,n,부상,중앙선 침범,2022-03-05,99,2022C34
901,한서준,여,1963-11-30,y,y,n,부상,신호위반,2022-07-07,86,2022G85
902,황주원,남,1965-09-25,y,y,y,부상,음주운전,2022-07-28,103,2022G51
903,조도윤,남,1994-04-27,y,y,n,부상,과속,2022-02-20,98,2022B24
904,최서연,여,1995-05-15,y,n,n,사망,중앙선 침범,2022-03-22,105,2022C17
905,김하은,여,1989-09-04,y,y,y,부상,음주운전,2022-01-03,117,2022A53
906,유지유,여,1976-07-21,y,y,n,부상,과속,2022-10-26,119,2022J47
907,박주원,남,1989-10-22,y,y,y,부상,음주운전,2022-04-10,106,2022D14
908,성주호,여,1986-10-23,y,n,n,사망,중앙선 침범,2022-01-27,122,2022A69
909,한민서,여,1984-08-20,y,y,n,부상,과속,2022-10-23,104,2022J31
910,노하윤,남,1996-03-19,y,y,y,부상,음주운전,2022-04-10,118,2022D14
911,장서준,남,1961-08-02,y,y,n,부상,과속,2022-11-12,106,2022K68
912,조민서,남,1984-01-27,y,n,n,사망,과속,2022-04-21,124,2022D87
913,육서준,남,1989-07-28,y,y,n,부상,과속,2022-07-15,103,2022G65
914,김지유,남,1994-08-23,y,y,n,부상,중앙선 침범,2022-05-01,88,2022Z89
915,정준서,남,1966-04-23,y,y,n,부상,과속,2022-12-04,88,2022L98
916,이하윤,남,1983-09-04,y,y,y,부상,음주운전,2022-03-16,113,2022C24
917,조지원,여,1977-02-06,y,y,y,부상,음주운전,2022-11-13,85,2022K12
918,성지민,남,1993-10-16,y,y,n,사망,과속,2022-03-14,126,2022C56
919,황지원,여,1984-05-30,y,n,n,사망,신호위반,2022-04-16,124,2022D76
920,육지후,여,1961-11-29,y,y,y,부상,음주운전,2022-08-16,105,2022H76
921,노주호,여,1993-10-19,y,y,n,부상,과속,2022-12-19,85,2022L68
922,김채원,남,1967-03-16,y,y,y,부상,음주운전,2022-06-14,87,2022F75
923,이민서,남,1987-06-11,y,y,y,부상,음주운전,2022-12-28,93,2022L90
924,박예준,남,1984-10-26,y,y,n,부상,신호위반,2022-04-13,90,2022D56
925,유준우,여,1983-10-02,y,y,y,부상,음주운전,2022-11-30,108,2022K27
926,육지안,여,1987-08-07,y,n,n,사망,중앙선 침범,2022-01-07,126,2022A50
927,한민서,여,2001-05-12,y,y,y,부상,음주운전,2022-08-15,82,2022H32
928,노하윤,남,1988-06-20,y,n,n,사망,과속,2022-10-23,124,2022J31
929,장지호,남,1960-11-15,y,y,n,부상,과속,2022-05-26,106,2022Z38
930,장채은,남,1971-11-24,y,y,n,부상,과속,2022-03-16,106,2022C25
931,최주호,남,1976-06-13,y,y,n,사망,과속,2022-03-13,113,2022C48
932,조윤서,여,1979-10-11,y,y,n,사망,중앙선 침범,2022-06-02,129,2022F37
933,성시우,여,1986-08-29,y,y,n,부상,과속,2022-12-15,101,2022L79
934,성지유,여,1987-06-26,y,y,y,부상,음주운전,2022-05-22,104,2022Z67
935,이준우,남,1986-10-12,y,y,n,사망,중앙선 침범,2022-08-20,102,2022H51
936,박지우,여,1987-04-22,y,y,y,부상,음주운전,2022-02-15,104,2022B66
937,장민서,여,1996-12-10,y,y,n,부상,중앙선 침범,2022-12-31,91,2022L47
938,유채은,남,1963-12-27,y,y,y,사망,음주운전,2022-11-25,94,2022K1
939,정서연,남,2000-04-12,y,y,y,부상,음주운전,2022-12-17,81,2022L52
940,정예준,남,1966-05-21,y,y,n,부상,중앙선 침범,2022-07-03,81,2022G36
941,정준우,남,1981-12-25,y,n,n,부상,과속,2022-08-04,89,2022H58
942,최주원,남,1970-12-04,y,y,n,부상,과속,2022-04-30,111,2022D58
943,조서준,남,1965-09-02,y,y,n,부상,중앙선 침범,2022-03-17,107,2022C54
944,김지안,남,1983-07-14,y,y,y,부상,음주운전,2022-01-03,82,2022A53
945,최수정,여,1970-09-12,y,y,n,부상,과속,2022-04-23,119,2022D10
946,유예준,여,1967-10-31,y,y,n,부상,중앙선 침범,2022-11-23,81,2022K46
947,조하은,여,1969-03-13,y,y,n,부상,중앙선 침범,2022-12-14,98,2022L35
948,성서윤,여,1961-08-14,y,y,n,부상,신호위반,2022-02-17,94,2022B68
949,성준우,여,1990-07-11,y,y,n,사망,중앙선 침범,2022-05-01,129,2022Z89
950,장서연,남,1982-05-13,y,y,n,부상,중앙선 침범,2022-11-22,94,2022K21
951,성연우,남,1987-07-09,y,y,n,부상,신호위반,2022-04-29,85,2022D36
952,최지안,여,1969-03-25,y,n,y,사망,음주운전,2022-03-14,111,2022C65
953,성연우,여,1991-10-29,y,y,n,부상,과속,2022-11-10,110,2022K89
954,한서진,남,1980-09-27,y,y,n,사망,과속,2022-07-29,124,2022G81
955,황연우,여,1993-10-23,y,y,y,사망,음주운전,2022-05-24,92,2022Z82
956,육서진,남,1970-09-16,y,y,n,부상,과속,2022-08-31,84,2022H27
957,정예준,여,1983-06-22,y,n,n,사망,과속,2022-09-02,125,2022I62
958,박하윤,여,1982-03-29,y,y,n,부상,과속,2022-07-07,100,2022G42
959,곽지민,남,1980-07-05,y,y,n,부상,신호위반,2022-05-28,95,2022Z83
960,성하윤,여,1962-01-19,y,y,y,부상,음주운전,2022-01-18,85,2022A7
961,장민준,여,1998-11-30,y,y,n,부상,과속,2022-09-10,89,2022I75
962,김주원,여,1990-07-30,y,y,y,부상,음주운전,2022-07-01,103,2022G79
963,김지후,남,1977-08-17,y,y,n,부상,과속,2022-11-01,118,2022K4
964,조연우,남,1963-08-03,y,y,n,사망,과속,2022-07-07,126,2022G42
965,황하준,남,1985-11-17,y,y,n,부상,과속,2022-01-29,102,2022A75
966,박지민,여,1990-08-17,y,y,y,부상,음주운전,2022-09-25,118,2022I56
967,최채원,남,1983-07-11,y,y,n,부상,과속,2022-06-10,119,2022F24
968,최하준,여,1972-11-18,y,y,y,부상,음주운전,2022-01-16,96,2022A49
969,한시우,남,1979-10-22,y,n,y,사망,과속,2022-02-25,97,2022B76
970,최준서,여,1982-07-21,y,y,n,부상,과속,2022-12-03,87,2022L44
971,김준우,남,1979-06-07,y,y,n,부상,과속,2022-06-23,102,2022F82
972,조선우,남,1999-04-26,y,n,n,사망,과속,2022-02-22,129,2022B32
973,김시우,여,2002-12-25,y,y,n,사망,중앙선 침범,2022-07-12,123,2022G18
974,육준서,여,1989-07-16,y,y,n,부상,중앙선 침범,2022-12-27,86,2022L29
975,육지호,여,1976-02-16,y,n,n,사망,중앙선 침범,2022-03-18,128,2022C80
976,김주호,남,1987-04-23,y,y,y,부상,음주운전,2022-08-03,87,2022H90
977,성수정,여,1979-04-20,y,y,n,부상,과속,2022-05-19,94,2022Z60
978,노지호,여,1967-09-17,y,y,y,부상,음주운전,2022-11-30,96,2022K27
979,유하준,남,2001-05-07,y,y,n,부상,과속,2022-11-07,104,2022K44
980,박하윤,남,1999-06-07,y,y,y,부상,과속,2022-05-21,87,2022Z88
981,황지원,여,1988-09-23,y,y,n,부상,과속,2022-02-16,82,2022B3
982,성하준,여,1991-12-20,y,y,n,부상,과속,2022-09-22,118,2022I99
983,성하은,남,1983-10-19,y,y,y,부상,음주운전,2022-01-08,116,2022A3
984,장주호,남,1999-09-21,y,y,n,부상,중앙선 침범,2022-05-26,87,2022Z20
985,곽채원,여,1974-08-15,y,y,n,부상,과속,2022-08-10,85,2022H98
986,조민서,여,1965-12-08,y,y,n,부상,중앙선 침범,2022-01-19,90,2022A95
987,황서준,여,1999-08-13,y,y,n,부상,과속,2022-07-29,99,2022G81
988,육민준,여,1990-12-08,y,y,n,부상,신호위반,2022-10-12,87,2022J44
989,박하준,여,1981-01-28,y,y,n,부상,중앙선 침범,2022-02-28,113,2022B21
990,정서준,남,1975-09-11,y,y,n,부상,과속,2022-01-10,81,2022A86
991,조시우,남,1978-09-03,y,y,y,사망,음주운전,2022-09-15,120,2022I37
992,박선우,남,1965-06-24,y,n,n,사망,과속,2022-02-12,121,2022B33
993,김지후,여,1982-04-03,y,y,n,부상,과속,2022-10-26,85,2022J38
994,이서진,여,1968-05-09,y,y,y,부상,음주운전,2022-09-30,99,2022I17
995,장수정,남,1989-12-12,y,y,n,부상,신호위반,2022-06-05,100,2022F94
996,조지안,남,1995-09-07,y,y,n,부상,중앙선 침범,2022-08-18,91,2022H86
997,김하윤,남,1989-06-03,y,y,n,부상,과속,2022-01-20,91,2022A82
998,최채은,여,2002-01-18,y,n,n,사망,과속,2022-10-23,128,2022J31
999,정서진,남,1980-05-04,y,y,n,사망,과속,2022-08-11,120,2022H14
1000,한지유,여,1960-07-15,y,y,n,사망,신호위반,2022-10-28,126,2022J48
