교통사고 당사자 번호,이름,성별,생년월일,면허유무,부상/사망 여부,음주 여부,사고직전 속도,대전시 사고 관리 번호,교통사고 날짜,교통사고 종류
1,한민서,남,1994.2.21,유,사망,유,125,2022Z21,2022.5.17,음주운전
2,정주원,남,1993.8.18,유,사망,무,135,2022H21,2022.8.4,신호위반
3,곽하준,남,1989.1.8,유,부상,무,120,2022A5,2022.1.21,안전거리 미확보
4,정지민,여,1974.4.17,유,부상,무,91,2022D25,2022.4.22,중앙선 침범
5,성지원,남,1981.9.24,유,부상,유,118,2022F17,2022.6.2,음주운전
6,장도윤,여,1960.12.4,유,부상,유,93,2022I46,2022.9.17,음주운전
7,황지후,여,1974.6.14,무,부상,무,129,2022I24,2022.9.7,과속
8,장서진,남,1984.10.31,유,사망,무,134,2022I46,2022.9.30,신호위반
9,정선우,남,1990.8.6,유,부상,유,114,2022L4,2022.12.4,음주운전
10,성채은,남,1989.9.11,유,부상,무,94,2022D25,2022.4.5,과속
11,성채원,남,1968.8.12,유,부상,무,102,2022D5,2022.4.25,신호위반
12,김지민,여,1978.4.26,유,부상,유,116,2022C44,2022.3.5,음주운전
13,정수정,여,1960.7.31,유,부상,무,101,2022J28,2022.10.28,신호위반
14,유지호,여,1961.10.22,무,부상,유,107,2022D13,2022.4.15,음주운전
15,조서진,남,1974.11.9,유,사망,무,132,2022J2,2022.10.4,과속
16,박지후,여,1995.5.9,유,부상,무,105,2022F26,2022.6.26,과속
17,한윤서,남,1961.6.15,무,부상,유,101,2022C27,2022.3.10,음주운전
18,노지민,남,1997.1.8,유,부상,무,108,2022I23,2022.9.25,신호위반
19,박지유,여,1982.10.23,유,사망,유,130,2022H17,2022.8.6,음주운전
20,곽민준,남,1999.11.8,유,부상,유,96,2022G27,2022.7.14,음주운전
21,육도윤,남,1965.12.18,유,부상,무,95,2022D23,2022.4.22,안전거리 미확보
22,이서윤,여,1977.1.20,유,부상,무,125,2022I47,2022.9.14,과속
23,성민준,여,1976.9.21,유,부상,유,129,2022H2,2022.8.17,음주운전
24,황준우,남,1978.5.8,유,사망,무,137,2022J35,2022.10.12,과속
25,황서연,남,1981.9.27,유,부상,무,90,2022J26,2022.10.4,과속
26,성선우,남,1990.12.17,유,부상,무,115,2022I7,2022.9.30,중앙선 침범
27,김시우,남,1998.10.25,유,부상,무,126,2022I28,2022.9.27,중앙선 침범
28,노지안,남,1986.7.25,유,부상,무,108,2022B10,2022.2.24,안전거리 미확보
29,유예준,남,1998.11.4,유,부상,무,109,2022C13,2022.3.25,신호위반
30,조서윤,여,1973.5.22,유,사망,무,137,2022L12,2022.12.16,안전거리 미확보
31,정하준,여,1998.7.20,유,부상,무,120,2022H31,2022.8.15,신호위반
32,정준서,남,1963.6.1,유,부상,무,126,2022I35,2022.9.4,중앙선 침범
33,김서윤,남,1984.5.29,유,사망,무,131,2022D48,2022.4.16,신호위반
34,노하윤,여,1982.2.26,유,사망,무,133,2022B40,2022.2.24,신호위반
35,유지후,남,1976.7.6,무,부상,유,96,2022B39,2022.2.25,음주운전
36,한서진,여,1997.11.3,유,부상,무,115,2022H19,2022.8.15,안전거리 미확보
37,성주호,남,1994.10.28,유,부상,무,100,2022B37,2022.2.13,신호위반
38,성서연,여,1992.1.2,무,사망,무,111,2022F43,2022.6.3,중앙선 침범
39,박민준,남,1991.5.17,유,부상,무,107,2022F45,2022.6.6,과속
40,최주호,여,1970.2.11,유,부상,무,107,2022H42,2022.8.15,신호위반
41,육하준,남,1966.7.14,유,사망,무,114,2022L17,2022.12.9,중앙선 침범
42,박지유,남,1964.11.10,유,부상,유,99,2022F35,2022.6.11,음주운전
43,이하은,여,1971.5.30,유,부상,무,106,2022C3,2022.3.7,과속
44,최주원,여,1990.12.4,유,부상,무,108,2022F17,2022.6.6,안전거리 미확보
45,박윤서,여,1998.4.17,유,부상,유,116,2022B16,2022.2.27,음주운전
46,유채원,남,1980.1.10,유,부상,무,113,2022B6,2022.2.8,신호위반
47,유지후,남,1971.5.30,유,부상,무,125,2022G44,2022.7.8,신호위반
48,유서윤,남,1977.8.11,유,부상,무,102,2022Z28,2022.5.3,중앙선 침범
49,조준우,여,1997.3.18,유,부상,무,96,2022F7,2022.6.4,중앙선 침범
50,한지안,남,1973.11.25,유,부상,무,108,2022I46,2022.9.19,과속
51,김지안,여,1985.8.11,유,부상,유,106,2022K32,2022.11.17,음주운전
52,이선우,남,1989.9.31,유,사망,무,98,2022I5,2022.9.5,중앙선 침범
53,황도윤,남,1983.8.31,유,부상,무,91,2022D34,2022.4.2,과속
54,이서윤,남,1987.7.26,유,사망,무,138,2022L15,2022.12.20,안전거리 미확보
55,노지후,여,1991.2.18,유,부상,무,113,2022H13,2022.8.2,안전거리 미확보
56,곽주호,남,1963.10.2,유,부상,유,113,2022J22,2022.10.22,음주운전
57,이도윤,여,1991.8.28,무,부상,유,104,2022F48,2022.6.10,음주운전
58,유서연,남,1983.8.9,유,사망,무,132,2022H3,2022.8.2,신호위반
59,유주호,여,1989.6.3,유,부상,무,116,2022A47,2022.1.10,중앙선 침범
60,조주호,여,1994.3.23,유,사망,무,130,2022F4,2022.6.26,중앙선 침범
61,박도윤,남,1977.11.24,유,사망,유,130,2022I25,2022.9.5,음주운전
62,조지안,남,1969.9.21,유,부상,무,122,2022A17,2022.1.30,신호위반
63,유지후,여,1987.6.6,유,부상,무,129,2022I5,2022.9.5,과속
64,장예준,남,1991.8.5,유,사망,무,110,2022G45,2022.7.6,과속
65,정주원,남,1982.12.22,유,사망,무,132,2022L4,2022.12.12,안전거리 미확보
66,유하준,여,1976.11.26,유,부상,무,119,2022J33,2022.10.22,신호위반
67,장서진,남,1995.4.17,유,사망,무,123,2022L27,2022.12.21,과속
68,박민서,여,1962.10.13,유,부상,무,111,2022H18,2022.8.24,신호위반
69,성연우,여,1983.7.27,유,부상,유,120,2022J6,2022.10.31,음주운전
70,유채원,남,1986.1.16,유,부상,무,109,2022C22,2022.3.2,신호위반
71,김준서,남,1973.6.22,유,사망,무,132,2022G46,2022.7.22,과속
72,최수정,여,1999.4.13,유,부상,무,96,2022H22,2022.8.8,중앙선 침범
73,유지유,남,1984.2.8,유,부상,무,109,2022G39,2022.7.28,신호위반
74,황시우,남,1998.5.10,유,부상,무,105,2022D37,2022.4.2,신호위반
75,박연우,남,1976.11.28,유,사망,무,132,2022K11,2022.11.6,신호위반
76,조지민,남,1996.5.2,유,사망,무,133,2022H48,2022.8.9,중앙선 침범
77,조서진,여,1974.2.8,무,부상,무,98,2022F20,2022.6.10,과속
78,조수정,여,1996.4.23,유,부상,무,96,2022Z12,2022.5.9,신호위반
79,곽서윤,남,1972.8.27,유,부상,무,117,2022I21,2022.9.6,안전거리 미확보
80,장지호,남,1996.8.28,유,부상,무,105,2022J3,2022.10.22,신호위반
81,조하준,여,1991.8.1,유,사망,무,139,2022L25,2022.12.5,신호위반
82,김서현,여,1987.5.24,유,부상,무,90,2022F44,2022.6.31,과속
83,한지안,여,1982.3.14,유,부상,무,101,2022G32,2022.7.7,신호위반
84,조서준,여,1978.2.22,유,사망,무,134,2022J22,2022.10.18,과속
85,정지원,여,1983.8.11,유,부상,무,93,2022B40,2022.2.10,신호위반
86,유지민,남,1973.3.23,유,부상,유,94,2022K41,2022.11.21,음주운전
87,박채원,여,1992.2.15,유,사망,무,132,2022F11,2022.6.8,안전거리 미확보
88,정지원,남,1994.2.21,유,사망,유,136,2022D20,2022.4.26,음주운전
89,조지우,남,1994.10.24,유,부상,무,114,2022I5,2022.9.24,안전거리 미확보
90,최주원,남,1965.12.18,유,부상,무,107,2022J29,2022.10.28,중앙선 침범
91,황지호,여,1976.1.17,유,부상,무,91,2022B33,2022.2.19,중앙선 침범
92,김지호,여,2000.2.18,무,부상,무,125,2022C17,2022.3.15,안전거리 미확보
93,황연우,여,1992.5.6,유,부상,무,96,2022I15,2022.9.29,중앙선 침범
94,노준우,여,1981.11.9,유,부상,무,104,2022Z35,2022.5.17,과속
95,성윤서,여,1981.12.9,유,사망,무,136,2022I19,2022.9.13,안전거리 미확보
96,이하준,남,1978.5.26,유,부상,무,118,2022C40,2022.3.10,안전거리 미확보
97,육예준,남,2002.12.27,유,부상,유,122,2022B41,2022.2.4,음주운전
98,곽준서,남,1996.5.10,유,부상,무,112,2022D33,2022.4.8,중앙선 침범
99,장하은,여,1995.3.21,유,부상,무,100,2022D32,2022.4.6,안전거리 미확보
100,육지호,남,1980.6.25,유,사망,유,138,2022D25,2022.4.9,음주운전
101,육수정,남,1963.3.12,유,부상,무,115,2022L33,2022.12.5,신호위반
102,조도윤,남,1967.3.20,무,부상,무,105,2022F40,2022.6.25,안전거리 미확보
103,이연우,여,1971.12.3,유,부상,유,115,2022C20,2022.3.2,음주운전
104,황수정,남,1968.1.20,유,부상,무,98,2022K6,2022.11.12,신호위반
105,정도윤,여,1977.6.27,유,사망,무,120,2022H39,2022.8.25,안전거리 미확보
106,한서윤,남,1996.7.4,유,사망,무,90,2022C48,2022.3.9,안전거리 미확보
107,곽지호,남,2002.6.5,무,부상,무,99,2022A11,2022.1.3,과속
108,이민서,남,1987.7.14,유,부상,무,110,2022J41,2022.10.31,과속
109,노연우,남,2002.9.4,유,사망,무,137,2022B42,2022.2.12,신호위반
110,황지후,여,1973.9.25,무,부상,무,95,2022C26,2022.3.17,과속
111,곽지원,여,1990.10.11,유,부상,무,91,2022Z8,2022.5.16,신호위반
112,정하은,여,1965.4.16,유,부상,유,102,2022Z23,2022.5.9,음주운전
113,정서현,여,1983.7.27,유,부상,무,115,2022B40,2022.2.5,신호위반
114,최서현,여,1984.7.19,무,사망,무,134,2022G11,2022.7.20,안전거리 미확보
115,정주원,여,1966.8.26,유,부상,무,91,2022L22,2022.12.15,중앙선 침범
116,조윤서,여,1968.5.27,유,부상,유,108,2022Z13,2022.5.24,음주운전
117,유채은,남,2001.11.30,유,부상,무,103,2022C22,2022.3.15,과속
118,조하윤,남,2000.8.25,무,사망,유,130,2022K11,2022.11.20,음주운전
119,이수정,남,1977.12.3,유,부상,유,105,2022Z22,2022.5.30,음주운전
120,최민준,여,1966.1.17,유,부상,무,115,2022C47,2022.3.19,과속
121,곽연우,남,1988.5.19,유,부상,무,113,2022G29,2022.7.22,중앙선 침범
122,성지유,남,1998.6.4,유,부상,무,121,2022I29,2022.9.31,중앙선 침범
123,장주호,남,1972.4.24,유,부상,무,90,2022J48,2022.10.26,과속
124,최하은,여,1997.4.11,유,부상,무,115,2022H13,2022.8.7,과속
125,곽준우,남,1987.9.20,유,부상,무,90,2022B4,2022.2.1,안전거리 미확보
126,최채은,남,1991.6.12,유,부상,유,117,2022A10,2022.1.10,음주운전
127,정준서,여,1967.4.12,유,부상,무,125,2022G16,2022.7.4,중앙선 침범
128,한서준,남,1966.3.7,무,부상,유,121,2022C35,2022.3.9,음주운전
129,육수정,남,1967.6.6,유,부상,유,110,2022D41,2022.4.26,음주운전
130,정서현,남,1992.3.27,유,부상,무,101,2022G42,2022.7.29,신호위반
131,김민준,남,1992.10.7,유,부상,무,106,2022A3,2022.1.24,과속
132,황지민,여,1977.3.16,유,부상,무,93,2022J25,2022.10.3,과속
133,최채은,남,1981.2.23,유,부상,유,126,2022G35,2022.7.19,음주운전
134,김시우,남,1986.10.17,유,사망,무,134,2022K1,2022.11.5,신호위반
135,정윤서,여,1991.1.30,유,부상,무,96,2022D4,2022.4.27,안전거리 미확보
136,한하은,남,1980.4.21,유,부상,무,107,2022F43,2022.6.9,과속
137,한지안,여,1961.4.1,무,부상,무,108,2022G35,2022.7.16,신호위반
138,최지유,여,1992.1.11,유,사망,무,138,2022K10,2022.11.28,안전거리 미확보
139,육하은,남,1964.1.21,유,부상,무,111,2022C30,2022.3.29,신호위반
140,곽지민,여,1961.4.27,유,사망,무,104,2022D27,2022.4.23,중앙선 침범
141,황서연,남,1974.4.23,유,부상,무,108,2022L18,2022.12.23,안전거리 미확보
142,성지유,여,1990.8.26,유,부상,무,108,2022K40,2022.11.15,중앙선 침범
143,조민서,남,1964.1.30,유,사망,무,100,2022D40,2022.4.19,중앙선 침범
144,한연우,남,1985.10.27,유,부상,무,103,2022G26,2022.7.23,안전거리 미확보
145,황채원,남,1996.3.5,유,사망,무,132,2022Z9,2022.5.13,과속
146,이지우,여,1968.12.5,유,부상,무,122,2022L38,2022.12.4,과속
147,한예준,여,1989.5.27,유,부상,무,109,2022I34,2022.9.18,중앙선 침범
148,장지원,남,1960.10.28,유,부상,무,94,2022J23,2022.10.2,안전거리 미확보
149,조예준,여,2002.7.23,무,사망,유,107,2022B6,2022.2.3,음주운전
150,김채원,남,1988.8.4,유,부상,무,108,2022G14,2022.7.28,신호위반
151,노지우,여,1983.6.12,유,사망,유,97,2022F31,2022.6.13,음주운전
152,정주호,여,1990.10.13,유,사망,무,131,2022J32,2022.10.15,과속
153,곽준우,남,1967.5.11,유,부상,무,90,2022F27,2022.6.17,신호위반
154,성서준,여,1970.6.24,유,부상,무,111,2022I46,2022.9.23,과속
155,최지안,남,1973.7.1,유,부상,무,108,2022Z22,2022.5.15,신호위반
156,유하준,여,1996.7.20,유,사망,무,134,2022G25,2022.7.9,중앙선 침범
157,육지민,남,1962.9.26,유,부상,무,105,2022H49,2022.8.17,과속
158,한주호,여,1982.1.28,유,부상,무,103,2022F37,2022.6.24,과속
159,최서연,여,1975.3.14,유,부상,유,99,2022L16,2022.12.14,음주운전
160,장지유,남,1973.6.2,유,부상,무,96,2022H5,2022.8.15,안전거리 미확보
161,최도윤,남,1997.4.21,유,부상,무,120,2022K30,2022.11.27,신호위반
162,육연우,여,1986.1.17,유,부상,무,102,2022F41,2022.6.30,신호위반
163,김수정,남,1987.10.22,유,부상,무,113,2022B46,2022.2.3,과속
164,한예준,여,2002.12.25,유,부상,무,113,2022K19,2022.11.28,신호위반
165,황도윤,여,1965.8.20,유,부상,유,92,2022C34,2022.3.26,음주운전
166,조준우,여,1996.3.16,유,사망,무,91,2022C28,2022.3.18,신호위반
167,김채은,여,1985.12.24,유,부상,무,104,2022J22,2022.10.26,과속
168,장민서,남,1974.10.15,무,사망,무,131,2022L29,2022.12.7,안전거리 미확보
169,노지민,여,1996.6.11,유,부상,무,112,2022K15,2022.11.13,과속
170,조서준,남,1981.1.4,유,부상,무,110,2022I2,2022.9.26,안전거리 미확보
171,정지안,남,1970.4.26,유,사망,유,105,2022C8,2022.3.9,음주운전
172,최민서,여,1994.4.8,유,부상,유,125,2022I36,2022.9.11,음주운전
173,정하윤,남,2002.9.11,유,사망,무,136,2022G26,2022.7.24,신호위반
174,성서진,여,1989.7.18,유,부상,유,129,2022G7,2022.7.31,음주운전
175,장예준,여,1995.8.29,유,부상,유,124,2022D17,2022.4.15,음주운전
176,이지민,남,1980.6.11,유,부상,무,121,2022Z17,2022.5.16,신호위반
177,박지원,여,1971.1.21,유,사망,무,138,2022L9,2022.12.18,안전거리 미확보
178,황윤서,남,1996.4.1,유,부상,무,90,2022Z36,2022.5.6,과속
179,박윤서,남,1992.1.21,유,부상,무,90,2022C37,2022.3.3,안전거리 미확보
180,유채은,남,1993.6.21,유,사망,무,134,2022A13,2022.1.31,신호위반
181,유채은,여,1968.3.7,유,사망,유,98,2022G47,2022.7.28,음주운전
182,성하준,여,1996.7.1,유,부상,무,114,2022J4,2022.10.22,안전거리 미확보
183,노예준,남,1996.8.24,유,부상,무,105,2022I14,2022.9.27,과속
184,육선우,남,2001.8.10,유,부상,무,126,2022L11,2022.12.30,신호위반
185,곽서준,남,1962.7.10,유,부상,무,116,2022F21,2022.6.23,중앙선 침범
186,성채은,남,1994.3.31,유,사망,무,98,2022B29,2022.2.13,중앙선 침범
187,김민서,남,1967.1.13,유,사망,무,122,2022Z31,2022.5.5,신호위반
188,이서진,여,1960.12.6,유,부상,무,110,2022D21,2022.4.19,안전거리 미확보
189,곽민준,여,1974.4.20,무,부상,무,94,2022J30,2022.10.16,신호위반
190,정지안,여,1990.1.23,유,부상,무,119,2022C39,2022.3.25,과속
191,이민준,여,1994.1.11,유,부상,무,110,2022L23,2022.12.22,중앙선 침범
192,유지민,여,1963.6.7,무,사망,무,136,2022H10,2022.8.27,과속
193,조준서,여,1981.12.17,유,부상,무,129,2022Z23,2022.5.17,과속
194,노시우,여,1986.7.26,무,부상,무,94,2022D16,2022.4.29,안전거리 미확보
195,곽지후,남,1986.1.22,유,부상,무,98,2022C25,2022.3.14,과속
196,김지호,남,1980.4.1,유,부상,무,124,2022D19,2022.4.3,신호위반
197,정시우,여,1981.10.15,유,부상,무,116,2022D41,2022.4.25,중앙선 침범
198,성서진,남,1984.8.12,유,부상,무,122,2022F37,2022.6.7,신호위반
199,김서윤,남,1992.3.11,유,부상,무,109,2022D44,2022.4.2,안전거리 미확보
200,곽서윤,남,1998.11.7,유,부상,무,96,2022J31,2022.10.13,신호위반
201,한연우,남,1967.4.3,유,부상,무,107,2022B47,2022.2.29,안전거리 미확보
202,조예준,남,1990.9.10,유,사망,무,131,2022F18,2022.6.15,중앙선 침범
203,곽선우,여,1990.9.19,유,부상,무,106,2022C47,2022.3.4,안전거리 미확보
204,유예준,여,1970.7.13,유,사망,무,132,2022Z37,2022.5.13,안전거리 미확보
205,성준우,여,1999.2.12,유,부상,무,118,2022H41,2022.8.18,과속
206,노지민,여,1972.1.10,유,부상,유,105,2022C37,2022.3.23,음주운전
207,조준서,남,1961.12.29,유,부상,무,102,2022J42,2022.10.15,중앙선 침범
208,이예준,남,1966.11.15,유,부상,무,123,2022A43,2022.1.24,과속
209,이민준,여,1995.6.4,유,부상,무,117,2022H31,2022.8.7,중앙선 침범
210,황서준,남,1969.4.7,유,사망,유,138,2022Z34,2022.5.10,음주운전
211,이지원,여,1962.8.6,유,부상,무,92,2022Z24,2022.5.14,신호위반
212,김채원,여,1977.1.16,유,부상,무,90,2022J36,2022.10.29,과속
213,육지후,여,1984.10.14,유,부상,무,108,2022H11,2022.8.27,안전거리 미확보
214,박도윤,여,1995.4.6,유,부상,무,110,2022C47,2022.3.3,과속
215,육민서,남,1973.4.25,유,사망,무,93,2022A31,2022.1.22,신호위반
216,이서진,남,1971.12.15,유,사망,무,139,2022J4,2022.10.18,과속
217,조지유,여,1992.2.19,유,사망,유,132,2022D28,2022.4.19,음주운전
218,성선우,남,1978.5.25,유,사망,무,119,2022J33,2022.10.28,과속
219,정서연,여,1970.10.20,유,부상,유,102,2022L18,2022.12.24,음주운전
220,성서현,남,1966.2.22,유,부상,무,93,2022B24,2022.2.15,안전거리 미확보
221,성준서,남,1986.12.30,유,사망,유,134,2022F28,2022.6.7,음주운전
222,최지유,남,1971.12.11,유,사망,무,131,2022C37,2022.3.13,중앙선 침범
223,최주호,남,1984.12.10,유,부상,무,94,2022G20,2022.7.2,신호위반
224,성수정,여,1989.4.4,유,부상,무,103,2022K38,2022.11.2,중앙선 침범
225,김서준,여,1970.10.14,유,사망,무,135,2022A12,2022.1.8,중앙선 침범
226,성서준,여,1981.7.25,유,사망,무,102,2022J43,2022.10.11,안전거리 미확보
227,성채은,여,1978.11.7,유,부상,유,111,2022I11,2022.9.1,음주운전
228,정채은,여,2001.7.18,무,부상,유,90,2022A38,2022.1.8,음주운전
229,유지안,여,1978.1.26,유,사망,무,138,2022A15,2022.1.19,과속
230,이서윤,남,1985.4.14,유,부상,무,92,2022C36,2022.3.14,신호위반
231,정연우,남,1986.7.29,유,부상,무,98,2022I18,2022.9.7,안전거리 미확보
232,조연우,여,1992.12.12,유,부상,무,125,2022I45,2022.9.9,과속
233,노하은,남,1980.11.22,유,사망,무,97,2022K43,2022.11.3,신호위반
234,육윤서,남,1975.1.26,유,부상,무,112,2022G33,2022.7.16,안전거리 미확보
235,정민준,남,1984.3.30,유,사망,무,117,2022G5,2022.7.1,신호위반
236,육채은,남,1994.4.4,유,사망,무,135,2022Z33,2022.5.14,중앙선 침범
237,김윤서,여,1961.8.29,유,사망,무,106,2022A30,2022.1.28,안전거리 미확보
238,곽주원,남,1978.12.30,유,부상,무,129,2022F26,2022.6.3,안전거리 미확보
239,정주원,남,1972.4.22,유,사망,유,137,2022A33,2022.1.31,음주운전
240,노민준,여,1977.6.26,유,부상,무,104,2022L14,2022.12.23,중앙선 침범
241,조서현,여,1964.12.26,유,부상,무,125,2022C44,2022.3.9,중앙선 침범
242,노지안,여,1971.8.24,유,사망,유,139,2022K32,2022.11.9,음주운전
243,조지호,여,1961.4.20,유,부상,무,96,2022I43,2022.9.8,신호위반
244,장민준,남,1984.7.18,유,사망,무,123,2022Z36,2022.5.23,과속
245,육서윤,여,1986.9.13,유,사망,유,104,2022D17,2022.4.16,음주운전
246,곽연우,여,1992.6.27,유,부상,무,113,2022Z40,2022.5.19,안전거리 미확보
247,황민준,남,1977.1.13,유,부상,유,106,2022L44,2022.12.20,음주운전
248,조하준,남,1981.11.6,유,부상,무,99,2022D21,2022.4.17,신호위반
249,김선우,남,1992.8.20,유,사망,무,94,2022I24,2022.9.9,안전거리 미확보
250,한주호,여,1983.5.7,유,사망,무,119,2022D12,2022.4.5,중앙선 침범
251,장서현,남,1998.10.2,유,부상,무,92,2022F15,2022.6.29,안전거리 미확보
252,장서연,남,1985.6.25,유,사망,유,133,2022F35,2022.6.18,음주운전
253,최민준,남,1980.11.31,유,부상,무,112,2022Z8,2022.5.25,과속
254,이지호,남,1962.10.12,유,부상,유,97,2022D37,2022.4.10,음주운전
255,유서윤,여,1966.11.17,유,부상,무,92,2022A28,2022.1.30,안전거리 미확보
256,박지호,남,1978.4.5,유,부상,무,103,2022H40,2022.8.31,신호위반
257,육예준,남,1965.12.8,유,부상,무,95,2022D34,2022.4.2,신호위반
258,최지원,여,2002.8.20,유,부상,무,118,2022F8,2022.6.24,과속
259,유서진,남,1990.11.7,유,부상,무,121,2022I11,2022.9.3,중앙선 침범
260,장예준,여,1991.3.18,유,부상,무,90,2022H36,2022.8.8,중앙선 침범
261,육민준,남,1999.1.5,유,사망,무,131,2022I48,2022.9.29,중앙선 침범
262,이채은,남,1968.7.11,유,부상,무,124,2022H3,2022.8.6,과속
263,유채은,남,1968.7.23,유,부상,무,110,2022B6,2022.2.27,중앙선 침범
264,정서윤,여,1990.8.29,유,사망,무,135,2022J35,2022.10.23,중앙선 침범
265,육하윤,남,1982.5.17,유,부상,무,109,2022J9,2022.10.13,과속
266,이선우,여,1971.5.5,유,부상,무,122,2022C37,2022.3.17,신호위반
267,최지민,남,1972.11.5,유,부상,무,96,2022A44,2022.1.28,신호위반
268,성지우,여,1989.1.16,유,사망,무,138,2022F38,2022.6.24,과속
269,유서윤,남,1961.7.21,유,사망,무,131,2022C7,2022.3.12,신호위반
270,유하윤,여,1984.10.19,유,부상,무,109,2022F26,2022.6.7,신호위반
271,김선우,남,1986.10.13,유,부상,무,115,2022I47,2022.9.8,안전거리 미확보
272,최지우,여,1980.1.23,유,부상,무,114,2022L48,2022.12.20,신호위반
273,이민준,여,1975.4.12,무,부상,무,112,2022F16,2022.6.27,안전거리 미확보
274,이민서,남,1988.1.12,유,사망,무,132,2022H26,2022.8.18,안전거리 미확보
275,육지후,남,2002.11.3,유,부상,무,126,2022Z21,2022.5.24,중앙선 침범
276,박지호,여,1967.10.18,유,부상,무,121,2022A21,2022.1.15,과속
277,황민준,여,1972.5.21,무,사망,유,125,2022K41,2022.11.28,음주운전
278,김서준,남,1961.10.27,유,사망,무,131,2022G21,2022.7.3,중앙선 침범
279,이하준,여,1975.1.24,유,부상,무,114,2022C37,2022.3.8,중앙선 침범
280,유지우,남,1982.2.19,무,사망,무,137,2022Z21,2022.5.15,과속
281,장수정,여,1986.9.13,유,부상,무,121,2022L8,2022.12.22,과속
282,유민준,남,1984.2.15,유,부상,무,108,2022A1,2022.1.29,신호위반
283,조채은,남,1966.11.2,유,부상,무,93,2022F34,2022.6.16,안전거리 미확보
284,황지원,여,1997.12.20,유,부상,무,116,2022I46,2022.9.11,안전거리 미확보
285,황서현,여,1962.7.12,유,부상,유,124,2022F48,2022.6.20,음주운전
286,노연우,여,1985.3.23,유,부상,무,118,2022K21,2022.11.28,안전거리 미확보
287,정선우,여,1960.5.25,유,부상,유,128,2022C19,2022.3.19,음주운전
288,한준서,남,1996.12.25,유,부상,무,123,2022I34,2022.9.20,과속
289,정지유,남,1990.9.16,유,부상,무,114,2022B16,2022.2.9,중앙선 침범
290,장윤서,여,1984.9.2,유,부상,무,90,2022C36,2022.3.26,중앙선 침범
291,박지민,남,1965.8.18,유,부상,무,125,2022L29,2022.12.21,신호위반
292,성민서,여,1987.3.19,무,부상,무,114,2022H45,2022.8.8,안전거리 미확보
293,유준우,남,1990.6.17,유,사망,무,135,2022L45,2022.12.10,과속
294,이채원,남,1989.12.31,유,부상,유,113,2022C6,2022.3.10,음주운전
295,육예준,남,1995.9.8,유,부상,유,122,2022I39,2022.9.15,음주운전
296,성지민,여,2002.10.31,유,사망,유,134,2022D36,2022.4.3,음주운전
297,유하은,여,1964.8.20,유,부상,무,107,2022J45,2022.10.22,중앙선 침범
298,장서윤,남,1998.12.13,유,부상,무,108,2022C24,2022.3.10,과속
299,이서진,남,1978.8.17,유,사망,무,132,2022L44,2022.12.15,안전거리 미확보
300,황주원,여,1988.11.27,유,부상,무,93,2022I19,2022.9.2,신호위반
301,이서준,여,1969.5.20,유,부상,유,94,2022K36,2022.11.6,음주운전
302,최하윤,여,1983.11.16,유,부상,무,117,2022H15,2022.8.29,신호위반
303,한지안,여,1972.11.19,유,부상,무,100,2022Z49,2022.5.13,신호위반
304,박하준,남,1999.7.22,유,부상,유,112,2022Z48,2022.5.7,음주운전
305,한지유,여,1966.2.9,유,사망,무,135,2022J3,2022.10.4,신호위반
306,황서윤,남,1985.6.23,유,부상,무,116,2022B29,2022.2.12,과속
307,육채은,남,1969.4.23,유,부상,무,122,2022Z38,2022.5.21,과속
308,이예준,남,1964.8.23,무,부상,유,107,2022I22,2022.9.18,음주운전
309,유민서,남,1969.8.20,유,부상,무,92,2022L30,2022.12.30,과속
310,김하은,여,1990.6.2,유,부상,유,116,2022L29,2022.12.30,음주운전
311,최서윤,남,1994.8.28,유,부상,무,104,2022H31,2022.8.22,과속
312,노지우,여,1971.8.23,유,부상,유,121,2022Z44,2022.5.29,음주운전
313,유수정,여,1971.12.5,유,사망,무,135,2022A25,2022.1.19,신호위반
314,장서진,여,1986.10.22,유,부상,무,104,2022K9,2022.11.9,중앙선 침범
315,박수정,여,1964.6.4,유,부상,무,99,2022A15,2022.1.26,과속
316,노지원,남,2001.10.15,유,부상,무,96,2022H22,2022.8.15,안전거리 미확보
317,박도윤,남,1995.2.4,유,부상,무,114,2022Z39,2022.5.2,안전거리 미확보
318,유주호,남,1965.10.2,유,부상,유,124,2022Z16,2022.5.18,음주운전
319,조서준,여,1969.2.25,유,사망,유,137,2022F7,2022.6.31,음주운전
320,한채원,남,1974.6.27,무,부상,유,126,2022K13,2022.11.25,음주운전
321,한민준,여,1986.8.14,유,사망,무,135,2022B24,2022.2.11,과속
322,한지유,여,1980.11.9,유,사망,유,130,2022C36,2022.3.19,음주운전
323,곽하은,여,1998.4.17,유,부상,유,120,2022J19,2022.10.17,음주운전
324,김연우,여,1992.2.17,유,부상,무,120,2022H13,2022.8.13,과속
325,곽주원,여,1997.3.31,유,사망,무,136,2022L4,2022.12.4,과속
326,최연우,여,1961.10.1,유,부상,무,122,2022C39,2022.3.27,안전거리 미확보
327,육지후,남,1964.4.9,유,부상,무,114,2022J42,2022.10.5,중앙선 침범
328,유주호,남,1969.9.13,유,부상,무,115,2022I7,2022.9.9,중앙선 침범
329,최지민,여,1982.8.6,유,부상,무,101,2022L22,2022.12.12,과속
330,황주호,여,1970.2.16,유,사망,무,137,2022B16,2022.2.4,과속
331,정채은,여,1995.12.12,유,부상,무,99,2022Z8,2022.5.11,신호위반
332,박도윤,여,1994.7.16,유,사망,무,110,2022J6,2022.10.13,신호위반
333,한채은,여,1978.9.27,유,부상,유,98,2022L34,2022.12.24,음주운전
334,노서준,여,1970.8.9,유,사망,유,136,2022B22,2022.2.28,음주운전
335,최하윤,여,1996.6.30,유,사망,유,139,2022B44,2022.2.1,음주운전
336,육도윤,여,1992.5.12,무,사망,무,134,2022G16,2022.7.10,과속
337,곽민서,남,1999.9.10,유,부상,무,98,2022G37,2022.7.27,중앙선 침범
338,노지호,여,2000.5.26,유,부상,유,104,2022G6,2022.7.16,음주운전
339,육하준,남,1989.11.13,유,부상,무,94,2022L14,2022.12.11,과속
340,김준우,여,1973.3.26,유,사망,유,138,2022Z34,2022.5.25,음주운전
341,최주호,남,1986.5.19,유,부상,무,96,2022I39,2022.9.25,신호위반
342,곽준우,여,1977.3.21,유,부상,무,126,2022D49,2022.4.20,안전거리 미확보
343,장채원,여,1989.1.31,유,사망,무,130,2022C44,2022.3.3,중앙선 침범
344,장지호,여,1979.1.2,유,부상,무,91,2022D24,2022.4.4,과속
345,성지민,남,1969.12.20,무,부상,무,124,2022F11,2022.6.9,과속
346,황서윤,여,1975.9.5,유,부상,유,90,2022D36,2022.4.29,음주운전
347,곽하윤,여,1964.3.7,유,사망,무,136,2022B11,2022.2.11,신호위반
348,곽지후,여,2002.3.7,유,부상,무,122,2022J28,2022.10.5,과속
349,곽서윤,남,1976.9.2,무,부상,무,124,2022K19,2022.11.27,안전거리 미확보
350,이지안,남,1982.12.14,유,부상,무,99,2022L10,2022.12.13,과속
351,노시우,여,1968.7.5,유,사망,유,139,2022Z20,2022.5.14,음주운전
352,한수정,여,1980.6.18,무,부상,무,102,2022I4,2022.9.10,중앙선 침범
353,한지안,남,1978.1.11,유,사망,무,138,2022G28,2022.7.1,안전거리 미확보
354,육채원,여,1962.1.21,유,부상,유,122,2022A39,2022.1.13,음주운전
355,정예준,남,1982.7.13,유,사망,무,131,2022A37,2022.1.20,신호위반
356,한하준,남,1973.10.29,유,부상,유,108,2022F9,2022.6.31,음주운전
357,황하은,남,1982.12.12,유,부상,유,129,2022D28,2022.4.14,음주운전
358,김채원,남,1993.7.11,유,부상,유,114,2022K25,2022.11.31,음주운전
359,조준서,여,1998.7.28,유,부상,무,117,2022K3,2022.11.18,신호위반
360,박주원,남,1996.6.4,유,사망,무,137,2022C48,2022.3.11,신호위반
361,곽준서,남,1980.10.24,유,부상,무,98,2022I44,2022.9.4,안전거리 미확보
362,박지호,여,1994.5.12,유,부상,무,96,2022A6,2022.1.8,안전거리 미확보
363,노서현,여,1966.11.29,유,부상,무,90,2022J26,2022.10.25,중앙선 침범
364,곽하윤,여,1997.9.22,유,부상,무,115,2022C1,2022.3.12,중앙선 침범
365,성지원,남,1972.4.5,유,부상,무,123,2022L35,2022.12.10,신호위반
366,이서연,남,2002.2.4,유,사망,무,95,2022L41,2022.12.9,안전거리 미확보
367,성도윤,남,1960.9.3,유,부상,무,114,2022B3,2022.2.30,과속
368,김서현,남,1997.9.25,유,사망,유,137,2022Z46,2022.5.10,음주운전
369,육채은,여,1989.2.12,무,부상,무,98,2022G43,2022.7.31,과속
370,유지민,여,1999.4.10,유,부상,무,128,2022J8,2022.10.20,중앙선 침범
371,조도윤,남,1960.1.12,유,부상,유,129,2022Z24,2022.5.24,음주운전
372,성지안,남,1984.8.31,유,부상,무,101,2022L27,2022.12.18,안전거리 미확보
373,노서진,남,1978.1.18,유,사망,무,139,2022K13,2022.11.29,안전거리 미확보
374,조민준,남,1980.10.20,무,부상,무,123,2022C5,2022.3.28,과속
375,박서연,여,1996.10.10,유,부상,유,98,2022A14,2022.1.22,음주운전
376,노지유,남,1969.2.18,유,부상,무,124,2022D27,2022.4.2,중앙선 침범
377,한지안,남,1995.6.1,유,부상,무,104,2022Z14,2022.5.12,신호위반
378,최윤서,남,1992.10.3,유,사망,무,137,2022A49,2022.1.9,안전거리 미확보
379,유지유,남,1969.10.6,유,부상,유,101,2022F40,2022.6.4,음주운전
380,최서준,여,1999.8.13,유,사망,유,134,2022G1,2022.7.14,음주운전
381,한민준,남,1963.8.25,무,부상,유,103,2022G24,2022.7.2,음주운전
382,최도윤,남,1980.4.15,유,부상,무,115,2022A47,2022.1.12,신호위반
383,노서윤,남,1968.10.1,유,부상,유,111,2022H49,2022.8.12,음주운전
384,곽선우,남,1980.6.4,유,부상,유,93,2022A29,2022.1.23,음주운전
385,성준우,남,1960.10.20,유,부상,유,103,2022K21,2022.11.24,음주운전
386,이서현,남,1976.7.8,유,부상,무,113,2022K1,2022.11.15,중앙선 침범
387,한민서,여,2001.2.24,유,부상,무,91,2022I36,2022.9.30,신호위반
388,곽하윤,남,1994.7.14,유,사망,무,106,2022C43,2022.3.18,안전거리 미확보
389,성지우,남,1982.10.27,유,부상,무,106,2022B17,2022.2.11,안전거리 미확보
390,조서현,남,1963.8.15,유,부상,유,119,2022B38,2022.2.22,음주운전
391,육지안,여,1981.8.30,유,부상,무,100,2022L28,2022.12.30,중앙선 침범
392,육도윤,여,2001.5.29,유,부상,무,94,2022L30,2022.12.1,신호위반
393,육지우,남,1978.1.17,무,부상,무,109,2022C33,2022.3.24,중앙선 침범
394,한지유,여,1972.10.27,유,부상,무,104,2022K6,2022.11.16,중앙선 침범
395,이민준,여,1977.11.15,유,부상,무,107,2022F18,2022.6.19,신호위반
396,장민서,남,1991.10.29,무,부상,유,116,2022L32,2022.12.7,음주운전
397,곽지우,남,1984.12.11,유,사망,무,130,2022A28,2022.1.29,안전거리 미확보
398,박민서,남,1982.3.6,유,사망,무,113,2022L13,2022.12.10,신호위반
399,곽민서,남,1973.4.1,유,부상,무,114,2022A11,2022.1.29,신호위반
400,최지안,남,1974.3.20,유,부상,무,102,2022A33,2022.1.12,중앙선 침범
401,김수정,남,1994.3.11,유,부상,유,119,2022H33,2022.8.13,음주운전
402,유채은,여,1975.5.12,유,사망,유,134,2022Z48,2022.5.12,음주운전
403,장선우,남,1971.10.9,유,부상,무,122,2022B23,2022.2.13,과속
404,유채은,남,1982.3.1,유,부상,무,119,2022K33,2022.11.28,안전거리 미확보
405,조예준,남,2000.5.2,유,사망,무,137,2022D47,2022.4.21,중앙선 침범
406,장서준,남,1998.1.18,유,부상,무,103,2022K11,2022.11.13,안전거리 미확보
407,한선우,남,1995.1.19,유,사망,유,97,2022A1,2022.1.18,음주운전
408,정준서,여,1970.5.30,유,부상,무,119,2022B13,2022.2.20,신호위반
409,곽지유,남,1960.6.14,유,부상,무,123,2022L33,2022.12.3,과속
410,이도윤,남,2001.12.23,유,부상,무,118,2022B19,2022.2.4,안전거리 미확보
411,곽수정,여,1967.3.17,유,부상,무,126,2022F48,2022.6.30,신호위반
412,정준우,여,1977.12.5,유,사망,유,132,2022G37,2022.7.23,음주운전
413,황하준,남,1971.4.14,유,부상,무,97,2022B28,2022.2.18,신호위반
414,황채원,남,1987.8.25,유,부상,무,127,2022J22,2022.10.13,안전거리 미확보
415,한지민,여,1961.7.21,유,사망,무,117,2022B32,2022.2.7,중앙선 침범
416,김지유,남,1987.5.8,유,부상,유,91,2022G35,2022.7.29,음주운전
417,김연우,남,1992.9.22,유,부상,무,100,2022H19,2022.8.30,과속
418,조윤서,남,1999.4.3,유,부상,무,105,2022A5,2022.1.25,과속
419,최하준,남,1987.4.8,유,부상,무,124,2022G36,2022.7.14,신호위반
420,장지우,여,1963.4.28,유,사망,무,137,2022F27,2022.6.24,과속
421,유서준,여,1966.5.21,유,부상,유,126,2022I27,2022.9.29,음주운전
422,정채원,남,1996.6.21,유,사망,유,134,2022D2,2022.4.5,음주운전
423,이하은,여,1974.3.12,유,부상,무,95,2022C33,2022.3.4,안전거리 미확보
424,이주원,여,1978.4.26,유,사망,유,120,2022D4,2022.4.12,음주운전
425,최민서,여,1977.2.18,유,부상,무,119,2022D42,2022.4.25,신호위반
426,박채원,남,1998.2.28,유,부상,무,101,2022G31,2022.7.6,중앙선 침범
427,조준우,남,1988.5.1,유,사망,무,139,2022I13,2022.9.12,과속
428,유서준,여,1994.9.14,유,사망,무,132,2022C32,2022.3.17,신호위반
429,곽준서,여,1966.4.4,유,부상,유,103,2022C42,2022.3.4,음주운전
430,조서윤,남,1992.5.8,유,사망,무,97,2022B4,2022.2.21,신호위반
431,육윤서,여,1960.3.16,유,부상,무,111,2022H30,2022.8.12,중앙선 침범
432,성하준,남,1981.5.28,유,부상,무,101,2022J18,2022.10.22,신호위반
433,곽수정,여,1973.10.2,유,부상,무,114,2022F11,2022.6.8,안전거리 미확보
434,이민준,여,1976.3.20,유,부상,무,99,2022C21,2022.3.9,과속
435,이도윤,남,1998.12.4,유,부상,무,116,2022K2,2022.11.14,신호위반
436,정지후,여,1973.8.17,유,부상,무,109,2022K28,2022.11.20,신호위반
437,장지민,여,1995.1.5,유,사망,무,133,2022H33,2022.8.17,과속
438,성지호,남,1982.2.19,유,사망,무,139,2022G39,2022.7.2,중앙선 침범
439,성서준,남,1995.9.20,유,부상,무,106,2022C47,2022.3.13,과속
440,곽지후,여,1999.10.8,유,사망,무,107,2022J18,2022.10.16,신호위반
441,한서윤,남,1970.9.24,유,부상,무,111,2022G31,2022.7.19,신호위반
442,최서현,남,1968.1.13,무,부상,유,92,2022F2,2022.6.16,음주운전
443,정하은,여,1973.10.26,유,사망,무,135,2022J29,2022.10.9,중앙선 침범
444,곽수정,남,1967.6.4,유,사망,무,136,2022I46,2022.9.24,중앙선 침범
445,이지민,남,1998.8.31,유,부상,무,127,2022D43,2022.4.4,과속
446,황서현,여,2002.4.16,유,부상,무,101,2022Z9,2022.5.27,중앙선 침범
447,조서윤,여,1964.5.11,유,부상,무,109,2022I5,2022.9.26,안전거리 미확보
448,최지우,남,1976.10.2,유,사망,무,124,2022I34,2022.9.1,과속
449,조시우,남,1999.2.31,유,부상,무,117,2022G29,2022.7.29,중앙선 침범
450,육하윤,남,1987.3.6,유,부상,무,106,2022C48,2022.3.16,중앙선 침범
451,이도윤,남,1973.10.18,유,사망,무,138,2022H7,2022.8.5,과속
452,조채은,여,2002.6.28,유,부상,유,92,2022I12,2022.9.16,음주운전
453,이시우,남,1972.3.17,유,부상,무,105,2022H9,2022.8.24,신호위반
454,한연우,남,2000.12.12,무,부상,유,90,2022A28,2022.1.22,음주운전
455,장도윤,여,1965.11.6,유,부상,무,98,2022F17,2022.6.26,신호위반
456,황주호,남,1995.3.20,유,부상,무,115,2022A49,2022.1.19,중앙선 침범
457,한윤서,여,1960.2.26,유,부상,무,104,2022J15,2022.10.10,안전거리 미확보
458,한민서,여,1996.3.1,유,부상,무,125,2022L27,2022.12.16,과속
459,육윤서,남,1966.3.26,유,부상,유,100,2022G32,2022.7.7,음주운전
460,육연우,여,1991.8.25,유,부상,무,109,2022F47,2022.6.17,신호위반
461,육하윤,여,1979.12.19,유,사망,무,135,2022G4,2022.7.2,중앙선 침범
462,한지우,남,1976.4.24,유,사망,무,134,2022C4,2022.3.14,안전거리 미확보
463,박도윤,남,1993.4.22,유,부상,유,107,2022Z5,2022.5.10,음주운전
464,성선우,여,1963.9.27,유,사망,무,104,2022J49,2022.10.19,안전거리 미확보
465,성주원,남,1967.6.25,유,사망,무,130,2022H32,2022.8.18,신호위반
466,김준우,남,1995.2.11,유,사망,무,133,2022K48,2022.11.7,안전거리 미확보
467,곽서윤,남,1983.11.17,유,부상,무,113,2022I11,2022.9.31,과속
468,노예준,여,1998.6.2,유,부상,무,111,2022D33,2022.4.9,신호위반
469,박윤서,남,1993.11.4,유,부상,무,113,2022Z48,2022.5.28,신호위반
470,정지안,남,1984.3.11,유,사망,유,138,2022B39,2022.2.23,음주운전
471,최수정,남,1981.2.26,유,부상,무,125,2022B42,2022.2.10,과속
472,김시우,여,1967.6.25,유,부상,무,90,2022L18,2022.12.10,과속
473,이지원,남,1989.11.31,유,부상,무,112,2022A25,2022.1.29,중앙선 침범
474,황서준,남,1964.11.4,유,부상,무,97,2022J14,2022.10.26,중앙선 침범
475,정서진,여,1992.1.2,무,부상,유,102,2022K8,2022.11.5,음주운전
476,성서윤,남,1963.1.4,유,부상,무,124,2022H30,2022.8.6,과속
477,장연우,남,1975.9.19,유,부상,무,110,2022C24,2022.3.13,중앙선 침범
478,최하윤,여,1974.2.19,유,부상,무,94,2022L46,2022.12.8,안전거리 미확보
479,한지원,여,1960.6.24,유,부상,무,124,2022I47,2022.9.30,과속
480,성윤서,남,1964.3.17,유,부상,무,128,2022L6,2022.12.2,중앙선 침범
481,조지후,여,1972.1.1,유,부상,무,103,2022K44,2022.11.3,안전거리 미확보
482,장하윤,남,1971.3.22,유,사망,무,133,2022I11,2022.9.12,중앙선 침범
483,박서현,남,1987.4.25,유,사망,무,132,2022G8,2022.7.31,안전거리 미확보
484,박지안,여,1967.7.25,유,부상,무,128,2022A31,2022.1.26,과속
485,박하은,남,1992.11.14,유,사망,무,125,2022H12,2022.8.13,과속
486,육주원,여,1972.5.15,유,부상,무,124,2022F13,2022.6.22,신호위반
487,황수정,남,1962.2.24,유,부상,무,97,2022J27,2022.10.29,신호위반
488,김채원,남,1968.6.22,무,부상,유,119,2022A40,2022.1.14,음주운전
489,한지후,남,1992.1.20,유,부상,유,102,2022H20,2022.8.30,음주운전
490,곽준서,남,1992.1.3,유,부상,무,122,2022B4,2022.2.11,과속
491,곽지안,남,1968.7.26,유,부상,무,109,2022F5,2022.6.29,중앙선 침범
492,이예준,남,2000.1.8,유,부상,무,128,2022C31,2022.3.11,과속
493,이서현,여,2002.9.19,유,부상,무,122,2022G47,2022.7.26,안전거리 미확보
494,최윤서,여,1995.3.28,유,부상,무,95,2022B22,2022.2.8,안전거리 미확보
495,유시우,남,1995.9.14,유,사망,무,97,2022J39,2022.10.29,과속
496,유주원,여,1986.6.15,유,부상,무,90,2022A26,2022.1.31,과속
497,박민준,여,2002.1.15,유,부상,무,123,2022Z13,2022.5.1,신호위반
498,정서준,여,1977.7.24,유,부상,무,95,2022J14,2022.10.4,과속
499,장서윤,여,1968.12.6,유,사망,무,130,2022G8,2022.7.4,신호위반
500,성도윤,남,1989.6.3,유,사망,유,133,2022Z32,2022.5.15,음주운전
501,정윤서,남,1977.10.19,유,부상,무,98,2022D29,2022.4.8,중앙선 침범
502,유준우,여,1966.9.30,유,부상,유,125,2022G32,2022.7.19,음주운전
503,이민서,여,1972.12.13,유,부상,유,90,2022I9,2022.9.4,음주운전
504,황수정,남,1997.4.23,유,사망,무,134,2022F28,2022.6.24,신호위반
505,정하윤,남,1963.6.21,유,부상,무,98,2022G19,2022.7.7,중앙선 침범
506,박서윤,남,1989.4.4,유,부상,유,109,2022L12,2022.12.24,음주운전
507,황수정,남,1984.3.28,무,부상,유,113,2022G42,2022.7.20,음주운전
508,황서연,여,1962.8.13,유,부상,무,116,2022B38,2022.2.5,중앙선 침범
509,박민준,남,1987.3.20,유,부상,무,116,2022C4,2022.3.10,안전거리 미확보
510,노준서,남,1963.12.21,유,사망,무,133,2022K9,2022.11.24,중앙선 침범
511,장서진,남,1965.3.13,유,사망,무,124,2022K47,2022.11.20,안전거리 미확보
512,김윤서,남,1971.12.18,무,부상,무,102,2022G16,2022.7.25,중앙선 침범
513,이서윤,여,1976.2.14,유,사망,유,135,2022I26,2022.9.12,음주운전
514,유도윤,남,1984.8.15,유,사망,무,105,2022D6,2022.4.30,신호위반
515,박수정,여,1992.3.30,유,부상,유,103,2022D24,2022.4.9,음주운전
516,황서윤,남,1961.8.30,유,부상,무,105,2022J4,2022.10.8,과속
517,성예준,남,1996.9.13,유,부상,무,100,2022B1,2022.2.20,신호위반
518,김예준,남,1991.8.16,유,부상,무,95,2022J35,2022.10.10,안전거리 미확보
519,황지유,남,1994.1.3,유,부상,무,96,2022B32,2022.2.11,안전거리 미확보
520,정시우,남,1981.7.16,유,부상,무,94,2022B15,2022.2.22,중앙선 침범
521,장주원,남,1961.3.9,유,부상,유,120,2022H43,2022.8.28,음주운전
522,최서연,남,1990.7.19,유,부상,무,122,2022F44,2022.6.21,신호위반
523,유윤서,여,1986.1.27,유,부상,무,107,2022I2,2022.9.4,안전거리 미확보
524,박민서,여,2000.5.5,유,부상,무,118,2022B11,2022.2.27,과속
525,조하은,여,1971.3.21,유,부상,무,104,2022I37,2022.9.25,신호위반
526,성서연,남,1960.12.29,무,사망,무,130,2022H18,2022.8.12,안전거리 미확보
527,박수정,여,1984.3.16,유,부상,무,106,2022B47,2022.2.19,과속
528,유서연,남,1979.10.18,유,부상,무,105,2022G48,2022.7.23,안전거리 미확보
529,육민서,남,1975.5.16,유,사망,무,118,2022H29,2022.8.20,과속
530,조서진,남,1987.11.27,유,부상,유,95,2022H16,2022.8.8,음주운전
531,이주원,여,1970.3.2,무,사망,무,111,2022J29,2022.10.5,중앙선 침범
532,유준우,남,1985.7.10,무,사망,무,114,2022K3,2022.11.26,안전거리 미확보
533,장서현,남,1961.2.14,유,부상,무,108,2022G37,2022.7.2,신호위반
534,최하은,여,1996.5.22,유,사망,무,127,2022H45,2022.8.10,과속
535,곽준서,남,1988.9.16,유,부상,무,93,2022C39,2022.3.3,중앙선 침범
536,박지원,여,1992.11.23,유,부상,무,118,2022K11,2022.11.23,안전거리 미확보
537,최선우,남,1985.12.25,유,사망,무,136,2022F7,2022.6.3,중앙선 침범
538,김준우,여,1965.1.28,무,부상,무,111,2022G30,2022.7.20,신호위반
539,장서준,여,1964.7.22,유,사망,유,130,2022C22,2022.3.2,음주운전
540,한민준,남,1975.8.5,무,부상,무,118,2022K13,2022.11.21,안전거리 미확보
541,이민준,여,1963.12.25,유,부상,무,108,2022A44,2022.1.23,중앙선 침범
542,정시우,남,1980.10.16,유,부상,유,95,2022D30,2022.4.14,음주운전
543,성주원,남,1991.7.21,유,부상,무,121,2022D38,2022.4.8,안전거리 미확보
544,곽수정,남,1984.1.20,유,부상,무,126,2022B4,2022.2.27,신호위반
545,성윤서,여,1995.2.4,유,사망,무,130,2022K47,2022.11.30,중앙선 침범
546,한서윤,남,1990.11.6,무,사망,무,137,2022L36,2022.12.9,안전거리 미확보
547,곽지유,남,2002.9.18,유,부상,유,118,2022K26,2022.11.31,음주운전
548,노하준,여,1987.1.12,유,부상,무,128,2022K29,2022.11.20,중앙선 침범
549,한채은,여,1973.11.8,무,부상,무,94,2022I49,2022.9.4,과속
550,정하준,남,1994.10.7,유,부상,무,105,2022D45,2022.4.18,과속
551,노하윤,여,1962.12.5,유,부상,무,92,2022L18,2022.12.31,과속
552,장채원,여,1987.6.6,유,사망,무,135,2022K12,2022.11.20,안전거리 미확보
553,이지후,남,1986.6.8,유,사망,유,132,2022D11,2022.4.24,음주운전
554,황시우,남,1995.1.16,유,부상,무,126,2022H13,2022.8.9,안전거리 미확보
555,정서현,여,1972.5.19,유,사망,무,132,2022K23,2022.11.29,과속
556,곽채은,여,1988.12.8,유,부상,유,94,2022K7,2022.11.25,음주운전
557,곽지안,남,2001.9.11,유,부상,무,95,2022A33,2022.1.4,중앙선 침범
558,김민서,남,1987.12.5,유,부상,무,105,2022Z18,2022.5.22,안전거리 미확보
559,곽지안,여,1997.9.18,유,사망,무,130,2022B11,2022.2.17,신호위반
560,노서준,여,1975.7.17,유,부상,무,115,2022K3,2022.11.31,중앙선 침범
561,최도윤,남,1969.10.6,유,부상,무,125,2022I18,2022.9.2,안전거리 미확보
562,노하윤,남,1975.1.11,유,부상,무,99,2022G24,2022.7.4,과속
563,최시우,남,1977.11.19,유,사망,무,139,2022K4,2022.11.13,과속
564,곽윤서,남,1974.5.1,유,부상,무,101,2022A22,2022.1.28,안전거리 미확보
565,장주원,남,1985.2.21,유,부상,무,116,2022L22,2022.12.3,신호위반
566,최지민,여,2001.11.8,유,부상,무,91,2022H10,2022.8.20,중앙선 침범
567,박예준,여,1999.3.24,유,사망,무,131,2022J44,2022.10.2,과속
568,이지원,여,1989.9.8,유,부상,무,105,2022Z43,2022.5.30,중앙선 침범
569,육도윤,남,1978.4.24,유,사망,무,131,2022L5,2022.12.28,신호위반
570,성하윤,여,1965.11.4,유,부상,유,102,2022C14,2022.3.23,음주운전
571,육지호,남,1973.3.5,유,부상,유,106,2022C32,2022.3.27,음주운전
572,유예준,남,1991.7.26,유,부상,유,111,2022F5,2022.6.16,음주운전
573,조지호,남,1985.11.11,유,부상,무,91,2022Z46,2022.5.15,안전거리 미확보
574,김연우,여,1971.12.27,유,부상,유,119,2022G31,2022.7.16,음주운전
575,곽연우,남,1972.1.17,유,부상,유,121,2022D45,2022.4.8,음주운전
576,육예준,여,1999.1.28,유,사망,무,128,2022B6,2022.2.28,신호위반
577,이연우,여,1984.3.18,유,부상,무,104,2022C33,2022.3.10,과속
578,한지민,남,1963.8.26,유,부상,무,105,2022G6,2022.7.6,중앙선 침범
579,이서연,남,1978.8.17,무,부상,유,114,2022F19,2022.6.10,음주운전
580,김서진,여,1969.6.1,유,부상,유,94,2022F12,2022.6.1,음주운전
581,육서연,여,1996.10.9,유,사망,무,133,2022B3,2022.2.14,과속
582,장하준,여,1998.6.16,유,부상,무,128,2022F16,2022.6.20,신호위반
583,유서진,남,1973.3.3,무,부상,유,108,2022J26,2022.10.25,음주운전
584,정연우,남,1975.9.27,유,부상,무,118,2022K32,2022.11.10,중앙선 침범
585,황예준,남,1968.5.4,유,부상,무,95,2022B35,2022.2.7,안전거리 미확보
586,이지후,여,1981.1.29,유,부상,유,92,2022K47,2022.11.24,음주운전
587,황지민,여,1983.6.22,유,사망,유,131,2022I7,2022.9.2,음주운전
588,황연우,남,1966.8.24,유,부상,무,94,2022B47,2022.2.18,신호위반
589,한지민,여,1977.1.18,유,부상,무,93,2022B14,2022.2.27,중앙선 침범
590,한수정,남,1995.3.18,유,사망,유,133,2022L43,2022.12.5,음주운전
591,유지유,여,1999.3.19,유,부상,유,120,2022K19,2022.11.14,음주운전
592,김서현,남,1967.2.28,무,부상,유,120,2022D35,2022.4.29,음주운전
593,장하은,남,1964.12.11,유,부상,무,101,2022J30,2022.10.18,안전거리 미확보
594,곽서준,남,1981.5.27,유,부상,유,96,2022B18,2022.2.21,음주운전
595,최서진,남,1980.10.8,유,부상,무,128,2022B9,2022.2.23,중앙선 침범
596,성수정,여,1996.2.5,유,부상,유,113,2022G20,2022.7.8,음주운전
597,곽지후,남,1963.8.13,유,부상,유,102,2022H31,2022.8.10,음주운전
598,황하윤,남,1990.7.5,유,부상,무,112,2022C1,2022.3.7,안전거리 미확보
599,한지민,여,1961.11.6,유,사망,무,133,2022G20,2022.7.24,과속
600,성주호,여,1998.1.11,유,부상,유,98,2022I22,2022.9.5,음주운전
601,최주호,남,1963.5.27,유,사망,무,139,2022I43,2022.9.6,안전거리 미확보
602,유하윤,남,1987.3.7,무,사망,유,136,2022I15,2022.9.30,음주운전
603,정하윤,남,1979.9.5,유,부상,무,117,2022G11,2022.7.4,안전거리 미확보
604,곽선우,남,1997.2.13,유,사망,무,92,2022F38,2022.6.29,과속
605,박지호,여,1987.7.28,유,부상,무,122,2022C9,2022.3.14,안전거리 미확보
606,정연우,남,1972.8.20,유,부상,유,108,2022Z43,2022.5.30,음주운전
607,최윤서,남,1971.9.25,유,부상,무,105,2022J29,2022.10.22,중앙선 침범
608,성지안,남,1982.1.21,유,부상,무,112,2022F9,2022.6.31,과속
609,이선우,여,1972.8.3,유,사망,무,139,2022I3,2022.9.12,신호위반
610,유준우,여,2001.4.12,유,부상,무,94,2022G46,2022.7.31,신호위반
611,조하준,여,1977.3.26,유,부상,무,97,2022Z6,2022.5.8,중앙선 침범
612,조서연,남,1964.3.3,유,사망,무,133,2022I49,2022.9.4,과속
613,정지호,남,1974.9.10,유,사망,무,97,2022F27,2022.6.7,안전거리 미확보
614,노하은,남,1992.9.29,유,사망,무,135,2022G8,2022.7.17,신호위반
615,정지우,여,1962.4.23,무,부상,무,128,2022L6,2022.12.1,신호위반
616,곽서준,남,1966.8.20,유,사망,무,137,2022L10,2022.12.7,과속
617,이하은,남,1965.5.6,유,사망,무,139,2022J2,2022.10.18,과속
618,한도윤,남,1989.1.31,유,부상,무,96,2022H19,2022.8.17,과속
619,조하은,여,1996.2.7,유,부상,무,94,2022H20,2022.8.15,안전거리 미확보
620,이지호,남,1982.6.8,유,부상,유,117,2022H49,2022.8.19,음주운전
621,김채원,여,1984.9.22,유,사망,무,138,2022L48,2022.12.27,안전거리 미확보
622,최윤서,남,1993.4.15,유,부상,무,110,2022H11,2022.8.11,안전거리 미확보
623,성하은,남,2000.10.6,유,부상,무,95,2022D5,2022.4.27,신호위반
624,장수정,남,1998.1.31,무,부상,무,96,2022A5,2022.1.2,중앙선 침범
625,노선우,남,1998.12.16,유,부상,무,99,2022A18,2022.1.6,과속
626,이연우,여,1986.1.13,유,사망,무,139,2022K42,2022.11.10,과속
627,김지원,남,1971.7.12,유,부상,유,100,2022B35,2022.2.14,음주운전
628,한지후,여,1996.9.15,유,부상,무,108,2022F20,2022.6.8,중앙선 침범
629,이민서,남,1976.3.27,유,사망,유,131,2022G18,2022.7.13,음주운전
630,황하윤,여,1963.1.5,유,사망,유,130,2022Z43,2022.5.29,음주운전
631,황시우,남,1981.5.9,유,부상,무,119,2022G4,2022.7.27,안전거리 미확보
632,조도윤,남,1999.10.24,유,사망,무,92,2022B10,2022.2.8,과속
633,김민서,남,1992.4.19,유,부상,무,94,2022B13,2022.2.5,과속
634,장주원,남,1962.4.26,유,부상,무,90,2022H42,2022.8.24,중앙선 침범
635,곽지민,여,1981.5.28,유,부상,무,91,2022L9,2022.12.7,중앙선 침범
636,조주호,남,1976.8.4,유,부상,무,128,2022Z46,2022.5.17,안전거리 미확보
637,성지원,여,1999.1.5,유,부상,무,119,2022H7,2022.8.15,신호위반
638,유하준,여,1975.8.8,유,사망,무,100,2022K28,2022.11.15,안전거리 미확보
639,이지안,남,1994.3.19,유,사망,무,134,2022J39,2022.10.13,안전거리 미확보
640,황지안,여,1980.2.23,유,사망,유,132,2022K1,2022.11.7,음주운전
641,노지호,여,1961.12.15,유,부상,유,110,2022L46,2022.12.8,음주운전
642,노지민,남,1971.10.29,유,부상,무,98,2022Z11,2022.5.7,안전거리 미확보
643,김하은,남,1990.3.20,유,부상,유,101,2022G12,2022.7.7,음주운전
644,최준서,여,1994.12.10,무,부상,무,105,2022F6,2022.6.17,중앙선 침범
645,조지호,여,1971.7.11,유,사망,무,139,2022Z12,2022.5.18,중앙선 침범
646,유하준,남,1972.1.3,무,부상,유,122,2022G10,2022.7.31,음주운전
647,김주원,여,1986.12.19,유,부상,무,95,2022J33,2022.10.1,안전거리 미확보
648,최채원,여,1976.12.4,유,부상,무,107,2022A25,2022.1.31,과속
649,박도윤,남,1987.5.26,유,부상,무,93,2022L5,2022.12.30,과속
650,박선우,여,1993.1.18,유,부상,유,123,2022G2,2022.7.3,음주운전
651,최민서,여,1996.1.5,유,부상,무,94,2022I7,2022.9.12,과속
652,노채은,남,1991.9.16,유,사망,무,94,2022I38,2022.9.25,과속
653,조예준,여,1962.12.17,유,부상,무,119,2022H37,2022.8.27,안전거리 미확보
654,장서연,남,1961.9.2,유,부상,무,102,2022F15,2022.6.14,중앙선 침범
655,조하준,여,1990.7.7,유,부상,무,107,2022H30,2022.8.11,중앙선 침범
656,육서진,남,2002.10.2,무,사망,무,116,2022J7,2022.10.3,신호위반
657,이지호,남,1998.2.14,무,부상,무,101,2022D45,2022.4.1,과속
658,이지후,여,1972.2.15,유,사망,무,107,2022C39,2022.3.30,과속
659,박윤서,여,1990.8.7,유,사망,무,95,2022I40,2022.9.24,안전거리 미확보
660,노서윤,여,1984.5.7,유,사망,무,139,2022F20,2022.6.17,중앙선 침범
661,조윤서,여,1992.4.22,유,사망,무,131,2022D21,2022.4.30,중앙선 침범
662,성준우,여,1962.4.15,유,사망,무,124,2022D24,2022.4.21,신호위반
663,이지유,여,1981.5.2,유,사망,무,130,2022K36,2022.11.4,과속
664,한하은,남,1968.9.1,유,부상,무,98,2022K33,2022.11.13,중앙선 침범
665,육지안,여,1983.12.13,유,부상,무,129,2022Z28,2022.5.5,과속
666,장서진,여,1987.5.5,유,부상,무,100,2022A40,2022.1.2,중앙선 침범
667,박지민,남,1984.2.11,무,부상,무,101,2022I30,2022.9.4,중앙선 침범
668,박준우,남,1990.2.2,유,부상,무,109,2022D39,2022.4.16,중앙선 침범
669,최수정,남,1992.1.8,유,부상,무,105,2022L10,2022.12.17,과속
670,노채은,여,1973.3.29,유,부상,무,117,2022I24,2022.9.6,과속
671,이지원,여,1989.8.8,유,부상,무,129,2022J48,2022.10.8,신호위반
672,정채은,남,1965.7.20,유,사망,무,136,2022H10,2022.8.15,안전거리 미확보
673,황서윤,남,1965.5.2,무,부상,유,98,2022Z36,2022.5.11,음주운전
674,곽지유,남,1999.4.18,유,부상,무,126,2022Z40,2022.5.5,신호위반
675,김지민,남,1995.7.24,유,부상,무,92,2022F14,2022.6.4,과속
676,노민서,여,1981.1.25,유,부상,무,121,2022I19,2022.9.8,신호위반
677,곽지원,여,1988.7.26,유,사망,무,133,2022F23,2022.6.7,신호위반
678,곽민서,여,1972.7.9,유,부상,무,95,2022C9,2022.3.30,과속
679,육지안,남,1992.1.17,유,부상,무,104,2022H20,2022.8.27,중앙선 침범
680,조지안,남,1998.9.11,유,부상,무,122,2022C41,2022.3.22,중앙선 침범
681,장지호,여,1965.10.9,유,부상,무,112,2022G19,2022.7.12,안전거리 미확보
682,박주호,남,1966.4.1,유,부상,무,126,2022C45,2022.3.12,안전거리 미확보
683,정서진,남,1962.8.26,유,부상,무,115,2022G32,2022.7.10,안전거리 미확보
684,정지원,여,1972.5.8,유,부상,무,124,2022G42,2022.7.23,안전거리 미확보
685,황선우,여,1979.10.29,유,부상,유,118,2022H24,2022.8.11,음주운전
686,곽준우,남,1977.9.26,유,부상,유,122,2022F30,2022.6.12,음주운전
687,장예준,남,1971.7.30,유,부상,유,126,2022H21,2022.8.24,음주운전
688,성도윤,여,1976.8.4,유,사망,무,131,2022Z30,2022.5.29,안전거리 미확보
689,정서진,여,1971.4.28,유,사망,무,134,2022F22,2022.6.25,중앙선 침범
690,황수정,여,1988.1.25,유,부상,무,103,2022Z13,2022.5.22,안전거리 미확보
691,이민준,여,1976.9.20,무,부상,무,114,2022A24,2022.1.12,신호위반
692,한지우,여,1983.3.27,유,부상,무,125,2022A26,2022.1.6,안전거리 미확보
693,유민준,여,2002.5.27,유,부상,유,107,2022D46,2022.4.19,음주운전
694,황서준,남,1967.3.4,유,부상,무,111,2022D40,2022.4.19,과속
695,장서윤,여,1991.9.22,유,부상,무,113,2022J45,2022.10.8,신호위반
696,최채은,여,1996.10.29,유,사망,무,139,2022L33,2022.12.8,과속
697,최윤서,여,1971.6.5,유,부상,무,126,2022K13,2022.11.23,중앙선 침범
698,유서현,남,1962.6.31,유,사망,무,135,2022B9,2022.2.2,신호위반
699,한서현,남,1993.4.3,유,사망,무,132,2022G27,2022.7.12,중앙선 침범
700,김시우,여,1995.10.27,유,사망,무,112,2022A32,2022.1.11,중앙선 침범
701,육지후,남,1973.9.10,유,부상,무,124,2022F19,2022.6.17,신호위반
702,한연우,남,1969.12.9,무,부상,무,118,2022K39,2022.11.9,중앙선 침범
703,유준서,여,1962.7.21,유,부상,무,103,2022J25,2022.10.13,중앙선 침범
704,한민준,남,1995.12.24,유,부상,무,93,2022F43,2022.6.15,중앙선 침범
705,곽채원,여,1990.1.10,유,부상,무,119,2022D40,2022.4.29,신호위반
706,조서현,남,1977.4.18,유,부상,무,97,2022K12,2022.11.25,과속
707,정주호,여,1996.1.10,유,부상,무,107,2022B18,2022.2.20,과속
708,박준우,남,1961.2.17,유,부상,무,96,2022A47,2022.1.23,안전거리 미확보
709,한준서,여,1999.4.14,무,부상,무,97,2022C14,2022.3.22,중앙선 침범
710,최도윤,남,1971.11.7,무,부상,무,106,2022I2,2022.9.16,안전거리 미확보
711,성하은,여,2000.7.19,유,부상,유,112,2022A38,2022.1.1,음주운전
712,유서준,남,1977.9.18,유,사망,무,135,2022C49,2022.3.24,과속
713,성서준,여,1982.7.17,유,부상,무,126,2022C5,2022.3.21,안전거리 미확보
714,유지원,남,1968.1.29,유,부상,무,111,2022Z1,2022.5.8,과속
715,박지우,남,1998.4.25,유,부상,무,106,2022I32,2022.9.2,신호위반
716,황예준,남,1963.3.21,유,사망,무,107,2022J45,2022.10.29,중앙선 침범
717,성선우,남,1967.1.19,유,부상,무,120,2022G23,2022.7.8,과속
718,최지민,여,1962.10.5,유,부상,무,110,2022C33,2022.3.24,과속
719,성서준,남,2001.2.28,유,부상,무,94,2022D6,2022.4.30,과속
720,노서진,남,1981.12.28,유,사망,무,132,2022D24,2022.4.31,신호위반
721,성지우,남,1982.10.28,유,사망,무,110,2022G34,2022.7.16,과속
722,노수정,남,1998.6.27,유,부상,무,100,2022J33,2022.10.16,안전거리 미확보
723,최서진,남,1990.1.21,유,부상,무,124,2022A17,2022.1.8,신호위반
724,박지안,남,1973.6.9,유,부상,무,91,2022J16,2022.10.31,안전거리 미확보
725,육주호,남,2001.10.31,유,부상,무,112,2022H40,2022.8.14,과속
726,노민준,남,1979.11.18,유,사망,무,135,2022D14,2022.4.15,안전거리 미확보
727,황서현,남,1991.4.23,유,부상,무,128,2022G47,2022.7.11,중앙선 침범
728,곽윤서,남,1980.2.24,유,부상,유,128,2022Z10,2022.5.4,음주운전
729,박민준,여,1964.8.19,유,사망,무,98,2022F1,2022.6.3,안전거리 미확보
730,이시우,남,1972.2.31,무,부상,유,129,2022J32,2022.10.15,음주운전
731,유하윤,남,1997.9.14,유,부상,무,116,2022D13,2022.4.22,중앙선 침범
732,노수정,여,1978.11.6,유,부상,무,128,2022G30,2022.7.24,과속
733,육지우,여,1979.9.5,무,부상,무,107,2022K26,2022.11.3,중앙선 침범
734,한지민,여,1966.6.25,유,부상,무,125,2022J5,2022.10.18,안전거리 미확보
735,육하은,여,1976.7.20,유,부상,무,92,2022D7,2022.4.6,안전거리 미확보
736,이채은,남,1970.4.5,유,부상,무,120,2022L43,2022.12.8,안전거리 미확보
737,정서진,여,1960.9.23,유,부상,무,110,2022I22,2022.9.17,신호위반
738,최서연,여,1991.2.29,유,부상,무,113,2022Z11,2022.5.9,중앙선 침범
739,한서현,남,1977.2.15,유,부상,무,123,2022J37,2022.10.7,과속
740,유지우,여,2000.12.27,유,부상,무,98,2022I30,2022.9.6,과속
741,곽윤서,남,1990.10.8,유,부상,무,113,2022I38,2022.9.11,안전거리 미확보
742,장지후,남,1972.1.12,유,부상,무,117,2022H33,2022.8.6,과속
743,노주호,남,1984.12.28,유,사망,무,130,2022I20,2022.9.3,중앙선 침범
744,육서현,여,1989.5.19,무,사망,무,115,2022A49,2022.1.12,안전거리 미확보
745,성시우,여,1961.8.7,유,부상,무,108,2022L3,2022.12.17,과속
746,장선우,여,1970.4.11,유,부상,무,127,2022J18,2022.10.15,과속
747,이주원,여,1986.7.5,유,부상,무,91,2022D27,2022.4.2,중앙선 침범
748,한지원,남,1981.7.8,유,부상,무,116,2022B34,2022.2.20,과속
749,최주원,남,1980.9.26,유,부상,무,128,2022H13,2022.8.8,안전거리 미확보
750,김윤서,여,1983.4.5,유,부상,무,110,2022I9,2022.9.6,중앙선 침범
751,장서진,여,1972.11.23,유,사망,유,138,2022G32,2022.7.8,음주운전
752,이지후,남,1984.11.11,유,사망,무,132,2022H42,2022.8.23,중앙선 침범
753,장서현,남,1973.5.28,유,사망,무,138,2022K45,2022.11.15,신호위반
754,최민준,남,1960.7.26,유,사망,무,131,2022L13,2022.12.25,신호위반
755,박서현,여,1995.6.2,유,사망,무,134,2022L29,2022.12.7,신호위반
756,육수정,여,1965.6.14,유,부상,무,109,2022H49,2022.8.21,신호위반
757,장지후,여,1991.2.25,유,부상,무,96,2022B43,2022.2.18,과속
758,정채원,남,1985.6.31,유,사망,무,95,2022D19,2022.4.17,과속
759,조서현,여,1969.8.11,유,사망,무,118,2022I30,2022.9.31,과속
760,이채은,여,1990.12.10,유,부상,무,100,2022I45,2022.9.14,중앙선 침범
761,장서현,남,1980.1.20,유,부상,무,102,2022J38,2022.10.30,안전거리 미확보
762,유수정,여,2000.4.12,유,사망,무,133,2022K25,2022.11.17,안전거리 미확보
763,장준우,남,1969.6.16,유,사망,무,130,2022C32,2022.3.22,안전거리 미확보
764,황서윤,남,1974.12.18,유,부상,무,103,2022B17,2022.2.23,안전거리 미확보
765,김서준,여,1999.5.14,유,부상,무,129,2022L12,2022.12.2,과속
766,성지원,여,1962.9.15,유,사망,유,131,2022C18,2022.3.15,음주운전
767,정서진,여,2001.5.13,유,부상,유,95,2022F41,2022.6.19,음주운전
768,한연우,남,1990.5.9,유,부상,무,125,2022B17,2022.2.19,안전거리 미확보
769,김지안,남,1999.8.23,유,부상,무,90,2022K35,2022.11.5,신호위반
770,이민서,여,1975.11.16,무,사망,무,137,2022F32,2022.6.28,신호위반
771,한민서,남,1988.10.7,유,부상,무,109,2022B10,2022.2.4,중앙선 침범
772,최지안,남,1971.4.26,유,부상,무,129,2022K1,2022.11.17,과속
773,이수정,여,1978.12.17,유,사망,유,96,2022H1,2022.8.5,음주운전
774,최지유,여,1990.3.26,유,사망,무,108,2022I39,2022.9.12,과속
775,김서준,남,1993.10.2,유,사망,무,132,2022K37,2022.11.12,과속
776,육채은,남,1991.10.21,유,부상,유,117,2022D21,2022.4.10,음주운전
777,황채원,여,1998.12.13,유,부상,무,108,2022A33,2022.1.23,안전거리 미확보
778,육하윤,남,1999.3.10,유,부상,무,90,2022Z49,2022.5.29,과속
779,노지안,남,1966.6.3,유,사망,유,133,2022B44,2022.2.1,음주운전
780,장선우,여,1973.4.17,유,부상,무,102,2022C41,2022.3.24,안전거리 미확보
781,박지안,여,1973.5.16,유,부상,무,125,2022B14,2022.2.6,안전거리 미확보
782,육지안,여,1966.9.24,유,부상,무,122,2022D45,2022.4.7,신호위반
783,성하준,남,1998.11.8,유,부상,무,127,2022Z41,2022.5.20,과속
784,육시우,남,1975.8.1,유,부상,무,103,2022F49,2022.6.17,신호위반
785,황채원,여,1963.12.9,유,부상,무,119,2022D6,2022.4.18,안전거리 미확보
786,장시우,여,1989.5.9,유,부상,유,127,2022I18,2022.9.29,음주운전
787,장민서,여,1978.1.20,유,부상,무,111,2022J18,2022.10.10,중앙선 침범
788,장지민,여,1974.11.24,유,사망,무,118,2022G33,2022.7.3,안전거리 미확보
789,노서연,남,1968.1.6,유,부상,무,115,2022D37,2022.4.20,중앙선 침범
790,노시우,여,1975.12.20,유,부상,무,92,2022H45,2022.8.20,중앙선 침범
791,정하은,남,1996.11.21,유,부상,무,93,2022Z16,2022.5.17,과속
792,김주원,남,1967.7.22,유,사망,유,134,2022G18,2022.7.31,음주운전
793,노채원,남,1976.2.9,유,부상,무,104,2022D20,2022.4.23,신호위반
794,유예준,남,1961.12.26,무,부상,무,112,2022B43,2022.2.27,중앙선 침범
795,육채은,남,1999.4.19,유,부상,무,90,2022J1,2022.10.25,신호위반
796,조서진,남,1987.11.3,유,부상,유,106,2022Z14,2022.5.25,음주운전
797,정서윤,남,1983.4.4,유,사망,무,133,2022Z32,2022.5.13,과속
798,장민준,남,1985.12.6,유,부상,유,99,2022B12,2022.2.14,음주운전
799,유지후,남,2002.2.29,유,부상,무,97,2022Z4,2022.5.26,신호위반
800,육채은,남,1977.9.5,유,부상,무,103,2022Z17,2022.5.11,과속
801,성지호,여,1965.4.31,유,부상,무,127,2022A13,2022.1.19,안전거리 미확보
802,성민준,남,1983.3.15,유,부상,무,118,2022I18,2022.9.23,중앙선 침범
803,성지호,여,1977.9.8,유,부상,무,112,2022D34,2022.4.18,중앙선 침범
804,육예준,남,1981.11.5,유,부상,무,98,2022I17,2022.9.31,안전거리 미확보
805,성준서,여,1964.1.28,유,부상,무,118,2022I15,2022.9.29,중앙선 침범
806,노하준,남,1981.9.26,유,부상,무,103,2022G12,2022.7.5,안전거리 미확보
807,유준서,여,2002.7.7,유,부상,무,103,2022L48,2022.12.17,중앙선 침범
808,조지호,남,1971.8.8,유,부상,무,111,2022I27,2022.9.10,신호위반
809,노지우,여,1969.4.7,유,부상,유,98,2022G13,2022.7.10,음주운전
810,곽서윤,남,1990.12.11,유,부상,무,121,2022D20,2022.4.8,신호위반
811,이주호,남,1961.5.13,유,부상,무,118,2022L35,2022.12.26,안전거리 미확보
812,정하준,여,1968.4.10,유,부상,무,98,2022K6,2022.11.9,과속
813,최시우,여,1979.7.4,유,사망,무,132,2022C20,2022.3.6,신호위반
814,김서준,여,1987.1.4,유,부상,무,95,2022I39,2022.9.20,과속
815,유지호,남,1991.8.11,유,부상,무,90,2022D32,2022.4.6,과속
816,육수정,남,1963.6.18,유,사망,무,133,2022K28,2022.11.26,중앙선 침범
817,노민준,여,1978.12.5,유,부상,유,112,2022C18,2022.3.29,음주운전
818,육하준,남,1981.7.5,유,부상,무,101,2022B28,2022.2.22,안전거리 미확보
819,박연우,여,1994.6.24,무,사망,유,135,2022F20,2022.6.14,음주운전
820,성하준,남,1983.10.29,유,부상,무,122,2022H43,2022.8.1,신호위반
821,김채원,여,1967.7.25,유,부상,무,104,2022I14,2022.9.21,중앙선 침범
822,장민준,남,1972.10.7,유,사망,무,116,2022C12,2022.3.5,과속
823,이준우,남,1973.11.9,유,부상,무,112,2022D28,2022.4.5,과속
824,곽준우,남,1983.9.21,무,부상,무,115,2022H6,2022.8.15,신호위반
825,최지원,남,2002.9.10,유,사망,유,133,2022K47,2022.11.6,음주운전
826,정준서,여,2001.5.25,무,사망,무,133,2022A45,2022.1.18,안전거리 미확보
827,노지민,남,1966.2.10,유,사망,유,134,2022A25,2022.1.11,음주운전
828,조준우,남,1960.9.27,유,사망,무,139,2022L38,2022.12.14,신호위반
829,육지호,여,1984.11.29,유,부상,무,126,2022A18,2022.1.18,안전거리 미확보
830,장주호,여,1991.7.17,유,부상,무,112,2022A44,2022.1.10,신호위반
831,조서준,여,1989.10.22,유,부상,무,99,2022Z38,2022.5.11,신호위반
832,조채원,여,1992.3.1,유,사망,무,131,2022I44,2022.9.9,신호위반
833,황하은,여,1979.5.26,유,사망,무,134,2022H1,2022.8.31,과속
834,노시우,남,1976.6.31,유,사망,무,138,2022H7,2022.8.12,중앙선 침범
835,최지우,여,1995.12.27,유,부상,무,115,2022H47,2022.8.11,중앙선 침범
836,박서준,여,1989.3.10,유,부상,무,113,2022C14,2022.3.23,안전거리 미확보
837,장서윤,남,1972.1.28,유,부상,무,114,2022J7,2022.10.23,중앙선 침범
838,성하은,남,1966.6.28,유,사망,무,138,2022L28,2022.12.31,과속
839,성민준,남,1977.5.25,무,부상,무,119,2022J44,2022.10.7,중앙선 침범
840,조지우,여,1965.3.13,유,부상,무,92,2022I30,2022.9.6,과속
841,곽준서,여,1984.7.16,유,부상,무,123,2022F44,2022.6.22,중앙선 침범
842,유예준,남,1972.7.19,유,부상,무,90,2022A37,2022.1.3,중앙선 침범
843,정연우,남,1981.5.22,유,부상,무,94,2022F15,2022.6.28,중앙선 침범
844,육주호,여,1972.11.15,유,부상,유,123,2022C30,2022.3.3,음주운전
845,노지안,여,1973.9.17,유,부상,유,122,2022B30,2022.2.21,음주운전
846,김지유,여,1963.8.20,유,부상,무,110,2022H39,2022.8.1,중앙선 침범
847,곽하은,여,1987.2.5,유,사망,무,133,2022C15,2022.3.23,신호위반
848,박지민,여,1973.12.23,유,부상,무,110,2022B22,2022.2.24,안전거리 미확보
849,유민서,남,1972.6.17,유,부상,무,123,2022I37,2022.9.4,과속
850,장서현,여,1965.3.5,무,부상,무,103,2022B21,2022.2.25,중앙선 침범
851,한지민,여,2002.10.30,유,사망,무,132,2022F19,2022.6.21,과속
852,이서준,남,1991.2.22,무,부상,무,128,2022G24,2022.7.2,안전거리 미확보
853,김서현,여,1982.3.22,유,부상,무,101,2022G15,2022.7.7,과속
854,유윤서,남,1990.6.27,유,사망,무,138,2022H44,2022.8.25,과속
855,황지안,남,1974.1.24,유,사망,무,135,2022A44,2022.1.27,신호위반
856,육서현,여,1968.6.3,유,부상,무,109,2022G38,2022.7.25,과속
857,최주원,남,1985.10.10,유,부상,무,127,2022L38,2022.12.7,신호위반
858,조채원,남,1981.9.14,유,부상,무,112,2022G1,2022.7.23,중앙선 침범
859,정지후,남,1974.8.5,유,부상,무,111,2022B37,2022.2.23,신호위반
860,육지우,남,1992.2.20,유,부상,무,128,2022L44,2022.12.18,안전거리 미확보
861,박준우,여,1962.8.30,유,부상,무,124,2022K6,2022.11.5,과속
862,곽하윤,남,1976.12.2,유,부상,무,105,2022C46,2022.3.28,과속
863,곽하준,여,1962.4.12,무,사망,무,137,2022J28,2022.10.30,과속
864,육지우,여,1979.4.12,유,부상,무,111,2022A13,2022.1.7,과속
865,황서윤,여,1978.10.27,유,사망,무,136,2022A45,2022.1.4,신호위반
866,정윤서,남,1984.3.19,유,부상,유,118,2022L47,2022.12.3,음주운전
867,유지호,남,1985.5.21,유,부상,유,106,2022B32,2022.2.22,음주운전
868,유서진,여,2002.3.7,유,사망,무,132,2022B42,2022.2.17,안전거리 미확보
869,이지민,남,1998.1.8,유,사망,무,139,2022K40,2022.11.22,과속
870,황서진,남,1979.8.28,유,사망,무,136,2022I12,2022.9.28,안전거리 미확보
871,유준서,여,1979.8.10,유,사망,무,138,2022L4,2022.12.25,과속
872,이채원,여,1974.2.24,유,부상,무,92,2022J39,2022.10.5,중앙선 침범
873,조서윤,남,1969.12.12,유,부상,유,113,2022D16,2022.4.3,음주운전
874,유예준,남,2000.9.30,유,부상,무,123,2022D29,2022.4.7,중앙선 침범
875,곽선우,여,1985.1.19,유,부상,무,114,2022Z14,2022.5.3,안전거리 미확보
876,이서윤,남,1960.2.18,유,부상,무,121,2022G3,2022.7.7,안전거리 미확보
877,성서연,남,1990.12.27,유,부상,무,117,2022A18,2022.1.30,과속
878,성연우,남,2001.9.22,무,부상,유,114,2022C11,2022.3.11,음주운전
879,이서연,여,1975.1.9,유,부상,무,119,2022L26,2022.12.13,중앙선 침범
880,육지민,여,1963.12.2,유,부상,무,117,2022F43,2022.6.11,중앙선 침범
881,황지호,여,1969.5.6,유,부상,무,126,2022G33,2022.7.4,중앙선 침범
882,황예준,남,1970.7.15,유,부상,무,93,2022B15,2022.2.29,신호위반
883,유지민,남,1980.2.16,유,부상,무,92,2022H35,2022.8.16,안전거리 미확보
884,김지우,남,1976.8.1,유,부상,유,92,2022I49,2022.9.26,음주운전
885,한지원,여,1961.10.2,유,부상,유,118,2022C3,2022.3.26,음주운전
886,이주원,여,1984.10.13,유,사망,무,118,2022K17,2022.11.11,신호위반
887,정하준,남,1977.12.30,유,부상,무,114,2022K8,2022.11.22,중앙선 침범
888,곽서연,남,1989.10.12,유,부상,무,108,2022B19,2022.2.13,과속
889,장채은,남,1971.8.22,유,사망,무,138,2022L35,2022.12.2,신호위반
890,성연우,여,1978.12.28,유,부상,무,128,2022G31,2022.7.21,신호위반
891,박지호,여,1971.11.7,유,사망,무,139,2022K11,2022.11.1,안전거리 미확보
892,성하윤,남,1988.10.3,무,부상,유,101,2022C22,2022.3.27,음주운전
893,유시우,여,2000.11.5,유,부상,유,99,2022D9,2022.4.10,음주운전
894,정지우,여,2000.1.27,유,사망,무,121,2022L9,2022.12.22,신호위반
895,육하준,여,2000.7.13,유,사망,무,92,2022I48,2022.9.11,신호위반
896,황주호,남,1971.12.19,유,부상,무,95,2022K33,2022.11.14,안전거리 미확보
897,김민서,남,1985.10.7,유,부상,무,112,2022K8,2022.11.8,신호위반
898,장하은,여,1989.8.9,유,부상,무,110,2022D34,2022.4.15,안전거리 미확보
899,최지호,남,1987.6.22,유,부상,무,119,2022B14,2022.2.20,안전거리 미확보
900,노준서,여,1984.6.14,유,부상,무,110,2022F9,2022.6.8,과속
901,정지우,남,1972.6.2,유,부상,무,112,2022B20,2022.2.4,신호위반
902,한연우,남,1990.8.19,무,부상,무,127,2022D44,2022.4.11,과속
903,육도윤,남,1991.2.13,유,부상,무,90,2022D40,2022.4.29,중앙선 침범
904,김선우,여,1989.12.19,유,사망,무,133,2022H8,2022.8.18,신호위반
905,황서준,여,1995.4.31,무,부상,무,128,2022C39,2022.3.16,과속
906,조준서,여,1971.12.16,유,부상,무,95,2022B43,2022.2.29,안전거리 미확보
907,유서진,여,1969.12.14,유,부상,무,113,2022D17,2022.4.8,중앙선 침범
908,최하준,여,1962.8.18,유,사망,무,124,2022H45,2022.8.12,신호위반
909,유주원,남,1995.11.2,유,부상,무,92,2022A14,2022.1.1,신호위반
910,박하준,여,1976.2.9,유,사망,무,137,2022Z27,2022.5.10,신호위반
911,한연우,남,1983.9.9,유,사망,유,133,2022B15,2022.2.4,음주운전
912,유하은,남,1983.5.22,유,사망,무,139,2022F39,2022.6.16,과속
913,조서윤,남,1989.7.27,유,부상,무,127,2022F22,2022.6.27,중앙선 침범
914,유연우,여,1964.10.17,유,부상,무,122,2022G32,2022.7.28,안전거리 미확보
915,최채은,남,1961.11.6,무,사망,무,112,2022H32,2022.8.24,신호위반
916,장연우,남,1991.12.1,유,부상,유,101,2022B24,2022.2.12,음주운전
917,유윤서,남,1972.12.25,유,사망,무,139,2022C49,2022.3.17,과속
918,유서윤,여,1979.6.13,유,사망,무,131,2022D4,2022.4.16,안전거리 미확보
919,정지민,남,1998.9.13,유,부상,무,94,2022F3,2022.6.7,신호위반
920,장지호,남,1989.3.20,유,부상,무,123,2022I9,2022.9.4,중앙선 침범
921,유하윤,남,1999.3.25,유,부상,무,122,2022L16,2022.12.11,과속
922,한하은,여,1974.1.10,유,부상,무,112,2022G30,2022.7.23,중앙선 침범
923,곽채은,여,1970.6.13,유,사망,무,136,2022I37,2022.9.25,안전거리 미확보
924,이서현,여,1995.5.10,유,사망,무,133,2022Z24,2022.5.17,신호위반
925,한하윤,남,1968.12.21,유,사망,무,134,2022I19,2022.9.6,과속
926,김수정,여,1975.5.26,유,부상,무,99,2022J47,2022.10.15,과속
927,최서준,여,1977.2.19,유,부상,유,120,2022G43,2022.7.4,음주운전
928,황지안,남,1995.12.26,유,부상,무,96,2022B20,2022.2.13,안전거리 미확보
929,육하준,여,1996.12.18,유,부상,무,124,2022C12,2022.3.31,신호위반
930,유준우,여,1963.2.28,유,사망,무,133,2022C27,2022.3.1,중앙선 침범
931,김예준,여,1981.1.5,유,부상,무,90,2022K46,2022.11.27,중앙선 침범
932,한하은,여,1978.11.11,유,부상,무,97,2022I29,2022.9.6,신호위반
933,정서준,여,1973.7.7,유,부상,무,110,2022D20,2022.4.20,중앙선 침범
934,박지유,남,1979.3.5,유,사망,무,137,2022D18,2022.4.12,신호위반
935,장하준,여,1989.11.27,무,사망,유,132,2022G2,2022.7.24,음주운전
936,한지후,남,1994.6.4,유,부상,무,110,2022C2,2022.3.31,과속
937,최지원,여,2001.2.15,유,부상,유,108,2022I4,2022.9.9,음주운전
938,정하준,여,1987.2.2,유,부상,무,120,2022H38,2022.8.19,중앙선 침범
939,정예준,여,1967.12.4,유,부상,무,107,2022A26,2022.1.4,신호위반
940,황하윤,여,1975.8.28,유,부상,무,91,2022L41,2022.12.17,신호위반
941,이하윤,여,1962.6.7,유,사망,무,138,2022I30,2022.9.2,과속
942,최서연,남,1996.5.29,유,부상,유,127,2022K41,2022.11.26,음주운전
943,조도윤,남,1984.12.5,유,부상,무,128,2022J45,2022.10.28,신호위반
944,최수정,남,1995.12.8,무,부상,무,104,2022D10,2022.4.19,신호위반
945,유서윤,남,1997.3.10,유,부상,무,95,2022B39,2022.2.21,중앙선 침범
946,정주호,여,1981.6.13,유,부상,무,106,2022B47,2022.2.25,중앙선 침범
947,성지후,남,1985.2.12,유,사망,무,138,2022D38,2022.4.6,과속
948,황하준,남,1974.12.16,유,부상,무,110,2022B4,2022.2.21,신호위반
949,황채은,여,1981.1.6,유,사망,유,139,2022J38,2022.10.29,음주운전
950,김지후,여,1966.7.9,유,부상,무,120,2022C15,2022.3.8,중앙선 침범
951,노서진,남,1986.12.14,유,부상,무,107,2022C9,2022.3.28,과속
952,장서연,남,1964.1.31,유,부상,무,97,2022C12,2022.3.12,과속
953,최지후,여,1968.9.19,유,부상,무,101,2022A46,2022.1.29,중앙선 침범
954,김주원,남,1983.4.6,유,부상,무,103,2022C45,2022.3.13,중앙선 침범
955,최준우,여,1988.3.17,유,부상,무,90,2022F27,2022.6.22,신호위반
956,최서윤,여,1976.12.29,유,부상,무,114,2022I33,2022.9.29,중앙선 침범
957,한주호,남,1979.7.19,유,사망,무,95,2022F7,2022.6.3,중앙선 침범
958,정채은,남,1965.12.12,유,부상,무,95,2022L28,2022.12.17,안전거리 미확보
959,한지원,여,1962.6.24,유,부상,무,129,2022K32,2022.11.5,안전거리 미확보
960,정하윤,남,1998.10.31,유,부상,무,94,2022Z20,2022.5.29,안전거리 미확보
961,곽채원,여,1985.8.31,유,부상,무,101,2022Z10,2022.5.27,과속
962,최주원,여,1984.7.13,유,부상,무,118,2022D32,2022.4.14,안전거리 미확보
963,유서연,여,2002.11.20,유,부상,무,129,2022H16,2022.8.4,신호위반
964,황하준,여,1996.9.26,유,부상,무,120,2022F32,2022.6.12,안전거리 미확보
965,최서윤,남,1989.8.11,유,사망,무,100,2022D15,2022.4.31,신호위반
966,황지안,남,1969.8.3,유,부상,무,107,2022K24,2022.11.6,신호위반
967,박지안,여,1976.3.13,유,부상,무,114,2022C46,2022.3.26,과속
968,곽도윤,남,2000.6.15,유,부상,유,112,2022L38,2022.12.1,음주운전
969,곽주호,여,1990.10.1,유,부상,유,128,2022K19,2022.11.9,음주운전
970,성예준,남,1976.9.22,유,사망,무,134,2022Z45,2022.5.20,중앙선 침범
971,이준서,여,1990.7.31,유,부상,무,109,2022B28,2022.2.12,신호위반
972,육하준,여,1976.1.25,유,부상,무,93,2022A41,2022.1.4,안전거리 미확보
973,노지유,남,1978.6.25,유,사망,무,136,2022I22,2022.9.2,신호위반
974,김서연,남,1990.2.24,유,부상,무,104,2022F11,2022.6.16,신호위반
975,한시우,남,2000.6.13,무,부상,무,114,2022I31,2022.9.1,안전거리 미확보
976,노지우,여,1965.4.3,유,부상,무,97,2022A31,2022.1.15,신호위반
977,이지안,여,1974.2.29,무,부상,유,92,2022G33,2022.7.6,음주운전
978,유윤서,여,1966.12.31,유,부상,무,90,2022H46,2022.8.3,중앙선 침범
979,이준우,남,1985.4.2,유,부상,유,112,2022I1,2022.9.31,음주운전
980,육서준,남,1991.1.3,유,부상,유,116,2022B19,2022.2.25,음주운전
981,정준서,남,1998.4.6,유,사망,무,116,2022C18,2022.3.15,과속
982,육하윤,여,1991.3.27,유,부상,무,110,2022L43,2022.12.26,중앙선 침범
983,이준우,남,1996.9.5,무,사망,무,136,2022D25,2022.4.15,과속
984,곽준우,여,1962.1.10,유,사망,무,131,2022H10,2022.8.20,신호위반
985,장서진,여,1966.8.14,유,부상,무,106,2022A41,2022.1.20,신호위반
986,박서윤,남,1969.5.21,유,부상,무,123,2022G25,2022.7.26,안전거리 미확보
987,정서윤,남,1964.2.1,유,부상,무,95,2022L34,2022.12.12,신호위반
988,박서연,여,2000.1.9,유,부상,무,114,2022D43,2022.4.30,과속
989,황하윤,여,2001.2.9,유,부상,무,122,2022G28,2022.7.14,신호위반
990,황선우,여,1972.2.24,유,부상,무,116,2022G48,2022.7.24,안전거리 미확보
991,정지안,여,1997.8.14,유,부상,무,103,2022G23,2022.7.14,과속
992,유주원,남,1971.2.2,유,사망,무,139,2022D43,2022.4.31,안전거리 미확보
993,한지우,여,1996.5.28,유,부상,무,103,2022C8,2022.3.11,과속
994,정하윤,남,1978.11.15,유,부상,무,120,2022L44,2022.12.14,안전거리 미확보
995,박채은,남,1980.11.20,유,부상,무,91,2022L15,2022.12.14,신호위반
996,곽지후,여,2002.3.11,유,사망,유,135,2022A12,2022.1.7,음주운전
997,조선우,여,1962.7.25,무,부상,무,121,2022H21,2022.8.10,안전거리 미확보
998,조채은,남,1960.2.22,유,부상,무,125,2022L23,2022.12.3,과속
999,장하은,여,1971.6.25,유,부상,유,91,2022D26,2022.4.30,음주운전
1000,김하준,여,1960.5.1,유,부상,무,96,2022A49,2022.1.12,안전거리 미확보
